0.01,0.51,0.0,0.00749,1503.0
0.02,0.53,0.0,0.00906,1507.0
0.03,0.54,0.0,0.00851,1510.0
0.03,0.54,0.0,0.00877,1511.0
0.04,0.5,0.0,0.00888,1500.0
0.05,0.47,0.0,0.00847,1494.0
0.06,0.53,0.0,0.00846,1508.0
0.07,0.47,-0.0,0.0088,1492.0
0.08,0.54,-0.01,0.00848,1508.0
0.09,0.56,-0.01,0.00851,1513.0
0.09,0.42,0.01,0.00941,1482.0
0.1,0.41,-0.01,0.00859,1476.0
0.11,0.46,0.0,0.00846,1490.0
0.12,0.37,0.0,0.00845,1469.0
0.13,0.47,0.0,0.00837,1492.0
0.14,-0.02,0.06,0.00846,1384.0
0.15,-0.02,0.0,0.00838,1372.0
0.15,-0.07,0.0,0.00847,1359.0
0.16,-0.04,0.01,0.00935,1367.0
0.17,0.09,0.0,0.00845,1398.0
0.18,0.1,-0.0,0.00836,1399.0
0.19,0.18,-0.0,0.00889,1420.0
0.2,0.24,-0.01,0.00836,1432.0
0.21,0.26,0.0,0.00832,1442.0
0.21,0.36,-0.0,0.00839,1464.0
0.22,0.37,-0.0,0.00846,1466.0
0.23,0.34,-0.0,0.00833,1459.0
0.24,0.39,-0.0,0.00886,1472.0
0.25,0.43,0.0,0.00844,1483.0
0.26,0.49,-0.0,0.00846,1496.0
0.27,0.53,-0.0,0.00843,1506.0
0.27,0.53,-0.0,0.00855,1507.0
0.28,0.57,0.0,0.00848,1517.0
0.29,0.63,0.0,0.00921,1532.0
0.3,0.63,-0.0,0.00865,1531.0
0.31,0.68,-0.0,0.00843,1546.0
0.32,0.77,-0.01,0.00843,1565.0
0.33,0.88,-0.0,0.00848,1594.0
0.33,0.9,0.01,0.00842,1603.0
0.34,0.93,0.0,0.00842,1607.0
0.35,0.9,0.0,0.00847,1601.0
0.36,0.81,-0.01,0.00844,1574.0
0.37,0.82,-0.01,0.00851,1578.0
0.38,0.77,0.0,0.00845,1568.0
0.38,0.72,0.0,0.00846,1556.0
0.39,0.59,0.0,0.00913,1522.0
0.4,0.64,-0.0,0.00873,1535.0
0.41,0.69,0.01,0.00834,1551.0
0.42,0.78,-0.0,0.00847,1570.0
0.43,0.63,-0.0,0.00842,1532.0
0.44,0.58,-0.01,0.00845,1518.0
0.44,0.64,0.01,0.00842,1537.0
0.45,0.68,0.0,0.00849,1544.0
0.46,0.81,-0.04,0.00843,1568.0
0.47,0.8,-0.01,0.00846,1574.0
0.48,0.75,-0.01,0.00844,1562.0
0.49,0.8,0.0,0.00846,1576.0
0.5,0.84,0.0,0.00927,1584.0
0.5,0.86,0.0,0.00844,1591.0
0.51,0.85,-0.0,0.00842,1586.0
0.52,0.68,0.01,0.00846,1547.0
0.53,0.47,0.0,0.00841,1493.0
0.54,0.45,0.02,0.00842,1494.0
0.55,0.46,-0.04,0.00836,1481.0
0.56,0.44,-0.01,0.00846,1481.0
0.56,0.49,-0.0,0.00848,1496.0
0.57,0.56,0.0,0.00846,1515.0
0.58,0.52,0.0,0.00839,1504.0
0.59,0.55,0.0,0.0088,1513.0
0.6,0.51,0.0,0.00841,1504.0
0.61,0.56,-0.0,0.00849,1516.0
0.61,0.66,0.0,0.00841,1539.0
0.62,0.7,0.0,0.00845,1551.0
0.63,0.67,0.0,0.00842,1543.0
0.64,0.66,0.0,0.00848,1540.0
0.65,0.69,0.0,0.00844,1547.0
0.66,0.73,-0.0,0.00846,1557.0
0.67,0.73,0.0,0.00833,1557.0
0.67,0.76,0.0,0.0085,1565.0
0.68,0.77,0.0,0.00843,1567.0
0.69,0.8,-0.0,0.00884,1574.0
0.7,0.79,0.0,0.0084,1572.0
0.71,0.74,0.0,0.00844,1560.0
0.72,0.74,0.0,0.00843,1561.0
0.72,0.77,0.0,0.00838,1567.0
0.73,0.76,-0.0,0.00849,1563.0
0.74,0.72,-0.0,0.00839,1555.0
0.75,0.71,-0.0,0.00842,1551.0
0.76,0.73,0.0,0.00889,1558.0
0.77,0.67,-0.0,0.00848,1542.0
0.78,0.76,-0.0,0.00846,1565.0
0.78,0.75,-0.0,0.0084,1563.0
0.79,0.73,-0.0,0.00918,1556.0
0.8,0.76,0.0,0.00866,1566.0
0.81,0.81,-0.0,0.00843,1576.0
0.82,0.82,-0.0,0.00844,1581.0
0.83,0.75,-0.0,0.00843,1562.0
0.84,0.72,-0.0,0.00853,1554.0
0.84,0.75,-0.0,0.00842,1562.0
0.85,0.73,-0.0,0.00884,1557.0
0.86,0.81,0.0,0.00838,1577.0
0.87,0.78,0.0,0.00842,1569.0
0.88,0.77,-0.0,0.00842,1568.0
0.89,0.77,0.0,0.00843,1567.0
0.9,0.77,0.0,0.00941,1568.0
0.9,0.78,-0.0,0.00844,1569.0
0.91,0.81,0.0,0.00849,1577.0
0.92,0.87,0.0,0.00846,1592.0
0.93,0.84,-0.0,0.00839,1585.0
0.94,0.89,-0.0,0.00846,1597.0
0.95,0.87,0.0,0.00838,1592.0
0.96,0.93,0.0,0.00849,1607.0
0.96,0.9,0.0,0.00847,1600.0
0.97,0.82,-0.0,0.00843,1580.0
0.98,0.82,-0.0,0.00839,1579.0
0.99,0.73,-0.02,0.00919,1552.0
1.0,0.81,-0.01,0.00868,1574.0
1.01,0.92,-0.02,0.00852,1601.0
1.02,0.87,-0.01,0.00843,1591.0
1.02,0.9,-0.0,0.0085,1599.0
1.03,0.83,0.0,0.00842,1584.0
1.04,0.77,-0.0,0.00848,1566.0
1.05,0.77,0.0,0.00844,1569.0
1.06,0.8,-0.0,0.00848,1574.0
1.07,0.74,-0.0,0.00918,1559.0
1.08,0.78,-0.0,0.00842,1570.0
1.08,0.76,0.0,0.00849,1566.0
1.09,0.78,0.0,0.00891,1570.0
1.1,0.82,0.0,0.0085,1581.0
1.11,0.82,-0.0,0.00853,1580.0
1.12,0.8,-0.0,0.00842,1574.0
1.13,0.79,0.0,0.00848,1573.0
1.13,0.78,0.0,0.00842,1571.0
1.14,0.8,-0.0,0.00884,1574.0
1.15,0.74,-0.0,0.00841,1559.0
1.16,0.75,0.0,0.00838,1563.0
1.17,0.69,-0.0,0.0084,1546.0
1.18,0.72,0.0,0.00851,1556.0
1.19,0.75,0.0,0.00842,1563.0
1.2,0.74,0.0,0.00937,1561.0
1.2,0.73,-0.0,0.00851,1558.0
1.21,0.77,-0.0,0.00881,1567.0
1.22,0.81,-0.0,0.00852,1578.0
1.23,0.78,0.0,0.00845,1570.0
1.24,0.74,0.0,0.00842,1559.0
1.25,0.77,0.0,0.00839,1569.0
1.25,0.79,-0.0,0.00842,1571.0
1.26,0.77,-0.0,0.00846,1568.0
1.27,0.77,0.0,0.00876,1567.0
1.28,0.8,0.0,0.00837,1576.0
1.29,0.84,0.0,0.00893,1585.0
1.3,0.82,-0.0,0.00862,1579.0
1.31,0.79,0.0,0.00858,1572.0
1.31,0.79,0.0,0.00843,1573.0
1.32,0.83,0.0,0.00887,1583.0
1.33,0.85,-0.0,0.00841,1586.0
1.34,0.83,-0.0,0.00844,1582.0
1.35,0.79,0.0,0.00838,1573.0
1.36,0.78,0.0,0.00875,1570.0
1.37,0.84,-0.0,0.00845,1585.0
1.37,0.85,-0.01,0.00843,1587.0
1.38,0.82,0.0,0.00846,1581.0
1.39,0.8,0.0,0.00892,1577.0
1.4,0.84,-0.0,0.00859,1584.0
1.41,0.85,-0.0,0.00874,1588.0
1.42,0.82,-0.0,0.00839,1579.0
1.43,0.75,0.0,0.00849,1562.0
1.44,0.81,0.0,0.00882,1578.0
1.44,0.87,-0.0,0.00846,1591.0
1.45,0.9,-0.0,0.00845,1598.0
1.46,0.85,0.0,0.00845,1588.0
1.47,0.79,0.0,0.00841,1574.0
1.48,0.78,0.0,0.00848,1570.0
1.49,0.82,-0.0,0.00842,1580.0
1.5,0.82,-0.0,0.00941,1579.0
1.5,0.75,0.0,0.00848,1562.0
1.51,0.75,0.0,0.00845,1564.0
1.52,0.78,0.0,0.00848,1571.0
1.53,0.82,-0.0,0.0084,1580.0
1.54,0.82,-0.0,0.00841,1578.0
1.55,0.78,0.0,0.00841,1572.0
1.55,0.81,0.0,0.00841,1578.0
1.56,0.84,-0.0,0.00882,1586.0
1.57,0.86,-0.0,0.00842,1589.0
1.58,0.86,0.0,0.00838,1589.0
1.59,0.84,-0.0,0.00914,1586.0
1.6,0.85,-0.0,0.00863,1586.0
1.61,0.86,-0.0,0.00841,1589.0
1.61,0.86,-0.0,0.00844,1589.0
1.62,0.82,0.0,0.0088,1581.0
1.63,0.82,0.0,0.00885,1580.0
1.64,0.87,-0.0,0.00844,1591.0
1.65,0.87,-0.0,0.00851,1592.0
1.66,0.86,-0.0,0.00845,1589.0
1.67,0.81,0.0,0.00916,1578.0
1.68,0.83,-0.0,0.00841,1582.0
1.68,0.81,-0.0,0.00851,1577.0
1.69,0.89,-0.0,0.00925,1598.0
1.7,0.88,0.0,0.00867,1595.0
1.71,0.86,0.0,0.00845,1591.0
1.72,0.78,0.0,0.00838,1571.0
1.73,0.78,-0.0,0.0084,1569.0
1.74,0.77,0.0,0.00842,1569.0
1.74,0.77,0.0,0.00845,1567.0
1.75,0.75,-0.0,0.00843,1563.0
1.76,0.77,0.0,0.00857,1569.0
1.77,0.76,0.0,0.00846,1566.0
1.78,0.75,-0.0,0.00848,1562.0
1.79,0.74,0.0,0.00846,1560.0
1.8,0.73,-0.0,0.00951,1558.0
1.8,0.74,-0.0,0.0084,1560.0
1.81,0.72,-0.0,0.00849,1553.0
1.82,0.73,0.0,0.00842,1557.0
1.83,0.8,-0.0,0.00841,1575.0
1.84,0.84,0.0,0.00843,1584.0
1.85,0.82,0.04,0.00846,1592.0
1.85,0.5,-0.01,0.00844,1497.0
1.86,0.51,0.0,0.00845,1502.0
1.87,0.35,-0.01,0.00847,1462.0
1.88,0.44,-0.01,0.00839,1483.0
1.89,0.45,-0.0,0.00886,1486.0
1.9,0.4,0.0,0.00847,1475.0
1.91,0.46,0.0,0.00841,1491.0
1.91,0.51,-0.0,0.00832,1501.0
1.92,0.49,-0.0,0.00893,1496.0
1.93,0.44,0.0,0.00845,1485.0
1.94,0.49,-0.01,0.00845,1497.0
1.95,0.4,-0.0,0.00847,1475.0
1.96,0.39,-0.02,0.00842,1467.0
1.97,0.2,0.01,0.00899,1426.0
1.97,0.42,-0.01,0.00863,1479.0
1.98,0.78,-0.01,0.00882,1567.0
1.99,0.77,0.01,0.00899,1570.0
2.0,0.38,0.0,0.00866,1470.0
2.01,0.35,-0.04,0.00841,1453.0
2.02,0.36,0.01,0.00849,1468.0
2.03,0.33,0.04,0.00847,1468.0
2.03,0.46,0.01,0.00861,1492.0
2.04,0.42,0.0,0.00849,1482.0
2.05,0.45,0.0,0.00847,1487.0
2.06,0.45,-0.0,0.00845,1488.0
2.07,0.48,0.0,0.00849,1496.0
2.08,0.51,0.0,0.00843,1504.0
2.09,0.58,0.0,0.00848,1519.0
2.09,0.6,-0.0,0.00942,1523.0
2.1,0.63,-0.0,0.00901,1533.0
2.11,0.6,-0.0,0.00881,1525.0
2.12,0.62,0.0,0.00846,1531.0
2.13,0.64,0.0,0.00838,1536.0
2.14,0.64,0.0,0.00847,1535.0
2.15,0.57,0.0,0.00848,1519.0
2.15,0.62,0.0,0.00843,1530.0
2.16,0.64,0.0,0.00876,1535.0
2.17,0.68,0.0,0.0088,1545.0
2.18,0.68,-0.0,0.0085,1543.0
2.19,0.64,0.0,0.00887,1536.0
2.2,0.64,0.0,0.00868,1535.0
2.21,0.67,0.0,0.00841,1543.0
2.22,0.68,0.0,0.00852,1545.0
2.22,0.67,0.0,0.0084,1542.0
2.23,0.69,-0.0,0.00887,1547.0
2.24,0.74,-0.0,0.00842,1561.0
2.25,0.74,-0.0,0.00843,1559.0
2.26,0.72,-0.0,0.00841,1554.0
2.27,0.72,-0.0,0.00849,1555.0
2.27,0.7,-0.0,0.0084,1550.0
2.28,0.71,0.0,0.00884,1552.0
2.29,0.6,0.0,0.00891,1524.0
2.3,0.57,0.0,0.00865,1518.0
2.31,0.58,0.0,0.00838,1522.0
2.32,0.66,-0.0,0.00954,1539.0
2.33,0.67,0.0,0.00842,1544.0
2.34,0.66,-0.0,0.00842,1539.0
2.34,0.64,0.0,0.00843,1535.0
2.35,0.66,0.0,0.00853,1539.0
2.36,0.71,-0.0,0.00848,1551.0
2.37,0.7,-0.01,0.0085,1548.0
2.38,0.68,-0.0,0.00846,1545.0
2.39,0.68,-0.0,0.00848,1545.0
2.4,0.7,-0.0,0.00929,1550.0
2.4,0.72,-0.0,0.00864,1554.0
2.41,0.76,-0.0,0.00836,1564.0
2.42,0.73,0.0,0.00886,1557.0
2.43,0.76,0.0,0.00839,1567.0
2.44,0.77,-0.0,0.00842,1568.0
2.45,0.79,0.0,0.00841,1572.0
2.46,0.74,0.0,0.00842,1559.0
2.46,0.69,0.0,0.00839,1548.0
2.47,0.73,0.0,0.00852,1558.0
2.48,0.74,0.0,0.0084,1562.0
2.49,0.76,-0.02,0.00938,1560.0
2.5,0.78,-0.01,0.00843,1567.0
2.51,0.67,-0.0,0.00843,1541.0
2.52,0.7,-0.01,0.00844,1548.0
2.52,0.72,-0.0,0.00848,1554.0
2.53,0.72,-0.0,0.00879,1555.0
2.54,0.72,0.0,0.00837,1556.0
2.55,0.71,-0.0,0.00842,1552.0
2.56,0.72,-0.0,0.00847,1554.0
2.57,0.7,-0.0,0.00926,1550.0
2.58,0.69,-0.0,0.00843,1547.0
2.58,0.72,-0.0,0.00843,1554.0
2.59,0.73,-0.0,0.00915,1556.0
2.6,0.75,-0.0,0.00845,1561.0
2.61,0.77,0.0,0.00849,1568.0
2.62,0.74,0.0,0.00848,1561.0
2.63,0.74,0.0,0.00848,1559.0
2.64,0.77,-0.0,0.00853,1567.0
2.64,0.84,-0.0,0.00842,1585.0
2.65,0.83,-0.0,0.00849,1582.0
2.66,0.83,-0.0,0.00831,1582.0
2.67,0.79,0.0,0.00842,1574.0
2.68,0.79,0.0,0.00842,1573.0
2.69,0.81,-0.0,0.00844,1578.0
2.7,0.78,0.01,0.00929,1572.0
2.7,0.95,-0.01,0.0084,1611.0
2.71,0.95,-0.02,0.00841,1606.0
2.72,1.19,0.01,0.00848,1676.0
2.73,1.24,0.0,0.00848,1685.0
2.74,1.27,0.0,0.00847,1692.0
2.75,1.28,-0.05,0.00842,1682.0
2.75,1.31,0.0,0.00843,1704.0
2.76,1.48,0.04,0.00883,1754.0
2.77,1.42,-0.02,0.00849,1726.0
2.78,1.41,0.0,0.00843,1727.0
2.79,1.37,0.01,0.00892,1718.0
2.8,1.74,0.04,0.00869,1820.0
2.81,1.84,-0.02,0.00844,1830.0
2.82,1.74,0.0,0.00832,1810.0
2.82,1.36,-0.01,0.00859,1712.0
2.83,1.0,-0.0,0.00845,1624.0
2.84,1.08,0.01,0.00847,1649.0
2.85,0.8,-0.01,0.00844,1572.0
2.86,0.8,0.0,0.00854,1576.0
2.87,0.89,0.01,0.00899,1601.0
2.88,0.94,0.0,0.00861,1612.0
2.88,0.86,0.0,0.00871,1590.0
2.89,0.85,0.01,0.00915,1590.0
2.9,0.88,0.01,0.00864,1596.0
2.91,0.85,-0.0,0.00834,1588.0
2.92,0.89,-0.0,0.00836,1597.0
2.93,0.85,-0.0,0.00846,1586.0
2.94,1.06,0.01,0.00839,1641.0
2.94,1.03,-0.0,0.00848,1632.0
2.95,1.15,-0.0,0.00838,1663.0
2.96,1.02,-0.0,0.00853,1629.0
2.97,1.0,0.01,0.00843,1628.0
2.98,0.94,0.01,0.00847,1612.0
2.99,1.0,-0.0,0.00843,1625.0
3.0,0.91,0.0,0.00931,1603.0
3.0,0.87,0.0,0.00872,1594.0
3.01,0.9,-0.0,0.00844,1598.0
3.02,0.96,-0.0,0.00848,1614.0
3.03,0.92,0.0,0.00839,1606.0
3.04,0.91,0.0,0.00848,1603.0
3.05,0.95,-0.0,0.00839,1613.0
3.05,0.91,-0.0,0.00847,1603.0
3.06,0.89,-0.0,0.00845,1598.0
3.07,0.91,-0.0,0.00847,1601.0
3.08,0.82,-0.0,0.00839,1579.0
3.09,0.82,0.0,0.00911,1580.0
3.1,0.84,-0.0,0.00876,1584.0
3.11,0.83,0.0,0.00842,1583.0
3.11,0.83,-0.0,0.00842,1582.0
3.12,0.9,0.0,0.00848,1601.0
3.13,0.88,-0.0,0.00846,1594.0
3.14,0.96,-0.0,0.00843,1614.0
3.15,0.94,0.0,0.00842,1609.0
3.16,0.93,0.0,0.00844,1607.0
3.17,0.91,0.0,0.00832,1602.0
3.17,0.89,0.0,0.0085,1598.0
3.18,0.88,-0.01,0.00842,1593.0
3.19,0.97,-0.0,0.00947,1618.0
3.2,1.0,-0.01,0.00841,1623.0
3.21,1.0,-0.0,0.00842,1624.0
3.22,0.93,0.0,0.00842,1608.0
3.23,0.96,-0.0,0.00842,1615.0
3.23,0.93,-0.0,0.00849,1606.0
3.24,0.88,0.0,0.00899,1595.0
3.25,0.9,0.0,0.00844,1602.0
3.26,0.9,-0.0,0.00856,1599.0
3.27,0.88,0.0,0.00842,1595.0
3.28,0.81,0.0,0.00847,1578.0
3.28,0.85,0.0,0.00841,1587.0
3.29,0.85,-0.0,0.00947,1588.0
3.3,0.83,-0.0,0.00848,1582.0
3.31,0.84,0.0,0.00841,1584.0
3.32,0.83,-0.0,0.0084,1580.0
3.33,0.84,0.01,0.00841,1587.0
3.34,0.69,0.0,0.00845,1549.0
3.35,0.7,0.0,0.00844,1550.0
3.35,0.71,-0.01,0.00848,1552.0
3.36,0.58,0.0,0.00847,1520.0
3.37,0.57,-0.0,0.0084,1518.0
3.38,0.72,-0.0,0.00844,1555.0
3.39,0.79,-0.01,0.00843,1572.0
3.4,0.74,-0.01,0.00944,1557.0
3.41,0.63,-0.01,0.00847,1529.0
3.41,0.58,-0.02,0.0084,1516.0
3.42,0.62,-0.0,0.00845,1530.0
3.43,0.33,-0.0,0.00845,1457.0
3.44,0.21,0.02,0.00842,1433.0
3.45,0.08,-0.01,0.00844,1392.0
3.46,0.28,-0.0,0.00843,1445.0
3.46,0.52,-0.05,0.00892,1494.0
3.47,0.29,-0.01,0.00877,1446.0
3.48,0.41,-0.01,0.00849,1476.0
3.49,0.77,0.01,0.00941,1569.0
3.5,0.8,0.04,0.00844,1586.0
3.51,0.79,-0.02,0.00843,1568.0
3.52,0.63,-0.03,0.00851,1524.0
3.53,0.56,-0.03,0.00844,1508.0
3.53,0.5,-0.0,0.00851,1500.0
3.54,0.59,0.01,0.00848,1523.0
3.55,0.53,0.0,0.00847,1507.0
3.56,0.52,0.0,0.00848,1505.0
3.57,0.57,-0.0,0.00845,1516.0
3.58,0.52,-0.0,0.00851,1504.0
3.58,0.53,-0.0,0.00843,1507.0
3.59,0.54,0.0,0.00898,1510.0
3.6,0.54,0.0,0.00861,1510.0
3.61,0.58,-0.0,0.00846,1519.0
3.62,0.58,-0.0,0.00841,1521.0
3.63,0.58,0.0,0.00852,1520.0
3.64,0.56,0.0,0.00842,1514.0
3.64,0.57,-0.0,0.00845,1517.0
3.65,0.63,0.0,0.00883,1534.0
3.66,0.71,-0.0,0.00838,1552.0
3.67,0.74,-0.0,0.00841,1559.0
3.68,0.66,-0.0,0.00853,1540.0
3.69,0.68,-0.0,0.00847,1545.0
3.7,0.68,0.0,0.0093,1547.0
3.7,0.7,0.0,0.00845,1551.0
3.71,0.74,0.0,0.00847,1560.0
3.72,0.72,0.0,0.00883,1556.0
3.73,0.82,-0.0,0.00841,1580.0
3.74,0.87,-0.0,0.00842,1592.0
3.75,0.95,-0.01,0.00843,1610.0
3.76,0.9,-0.0,0.00841,1599.0
3.76,0.83,0.01,0.00906,1585.0
3.77,0.91,0.01,0.00852,1604.0
3.78,0.91,-0.0,0.00883,1601.0
3.79,0.93,-0.01,0.0094,1606.0
3.8,0.84,0.0,0.00854,1587.0
3.81,0.97,-0.02,0.00849,1613.0
3.82,0.82,0.02,0.00852,1584.0
3.83,0.74,0.01,0.00846,1563.0
3.83,0.62,0.0,0.0085,1532.0
3.84,0.77,0.01,0.00889,1569.0
3.85,0.7,-0.0,0.00846,1549.0
3.86,0.76,-0.0,0.00844,1564.0
3.87,0.71,-0.0,0.00845,1550.0
3.88,0.68,0.01,0.00842,1546.0
3.89,0.66,0.0,0.00843,1542.0
3.89,0.83,-0.0,0.00898,1583.0
3.9,0.84,-0.0,0.00883,1585.0
3.91,0.82,-0.0,0.00832,1580.0
3.92,0.8,0.0,0.00841,1576.0
3.93,0.8,0.01,0.00844,1577.0
3.94,0.91,-0.01,0.0084,1602.0
3.94,0.91,-0.0,0.00844,1601.0
3.95,0.88,-0.01,0.00883,1595.0
3.96,0.83,0.0,0.0084,1582.0
3.97,0.76,0.0,0.00844,1565.0
3.98,0.83,0.0,0.00851,1583.0
3.99,0.92,0.0,0.00841,1607.0
4.0,0.88,-0.0,0.00923,1595.0
4.01,0.85,-0.0,0.00842,1586.0
4.01,0.84,0.0,0.00851,1587.0
4.02,0.92,0.0,0.00844,1605.0
4.03,0.89,-0.01,0.00851,1595.0
4.04,0.79,-0.0,0.00846,1573.0
4.05,0.88,0.0,0.00849,1595.0
4.06,0.9,0.0,0.00843,1601.0
4.06,0.9,-0.0,0.00845,1601.0
4.07,0.85,-0.0,0.00879,1587.0
4.08,0.79,0.0,0.00884,1572.0
4.09,0.76,0.01,0.00898,1567.0
4.1,0.88,0.0,0.00856,1595.0
4.11,0.87,-0.01,0.00844,1590.0
4.12,0.81,-0.0,0.00851,1578.0
4.13,0.77,0.0,0.00843,1568.0
4.13,0.7,-0.0,0.0085,1550.0
4.14,0.73,-0.0,0.00845,1556.0
4.15,0.73,-0.0,0.00844,1558.0
4.16,0.73,0.0,0.00835,1557.0
4.17,0.74,0.0,0.00839,1561.0
4.18,0.75,-0.0,0.00844,1563.0
4.18,0.83,-0.0,0.00843,1583.0
4.19,0.81,-0.0,0.00941,1578.0
4.2,0.77,-0.0,0.0085,1568.0
4.21,0.73,0.0,0.00846,1559.0
4.22,0.89,0.0,0.00843,1598.0
4.23,0.93,-0.01,0.00835,1605.0
4.24,0.85,-0.0,0.00849,1586.0
4.24,0.83,0.0,0.00841,1583.0
4.25,0.78,0.01,0.00881,1572.0
4.26,0.82,-0.0,0.00839,1579.0
4.27,0.84,-0.01,0.00841,1583.0
4.28,0.78,0.0,0.00843,1570.0
4.29,0.8,0.01,0.00843,1576.0
4.3,0.84,0.0,0.00928,1584.0
4.3,0.9,-0.0,0.00845,1599.0
4.31,0.87,-0.01,0.00845,1590.0
4.32,0.74,0.0,0.00851,1561.0
4.33,0.74,0.0,0.0084,1562.0
4.34,0.82,-0.0,0.00846,1579.0
4.35,0.85,-0.01,0.00848,1587.0
4.35,0.84,-0.01,0.00841,1582.0
4.36,0.83,-0.0,0.00942,1580.0
4.37,0.75,0.01,0.00883,1564.0
4.38,0.84,-0.0,0.00856,1584.0
4.39,0.79,-0.0,0.00885,1573.0
4.4,0.76,-0.0,0.0085,1565.0
4.41,0.82,0.0,0.00841,1581.0
4.42,0.82,0.0,0.00843,1580.0
4.42,0.9,-0.0,0.00839,1598.0
4.43,0.89,-0.0,0.00884,1596.0
4.44,0.84,0.0,0.00882,1584.0
4.45,0.79,0.0,0.00848,1574.0
4.46,0.81,-0.0,0.0084,1576.0
4.47,0.83,-0.01,0.00849,1580.0
4.48,0.79,-0.0,0.00837,1574.0
4.48,0.77,0.01,0.00845,1569.0
4.49,0.84,-0.0,0.00942,1584.0
4.5,0.87,-0.0,0.00848,1593.0
4.51,0.84,-0.0,0.0084,1584.0
4.52,0.78,0.0,0.00841,1570.0
4.53,0.81,0.0,0.00846,1577.0
4.54,0.9,0.0,0.00854,1600.0
4.54,0.91,-0.0,0.00841,1601.0
4.55,0.86,-0.0,0.0085,1589.0
4.56,0.79,0.0,0.00839,1572.0
4.57,0.81,0.0,0.00848,1577.0
4.58,0.88,-0.0,0.00844,1595.0
4.59,0.85,0.0,0.00848,1587.0
4.6,0.8,0.0,0.00937,1574.0
4.6,0.81,0.0,0.00843,1578.0
4.61,0.81,-0.0,0.00842,1576.0
4.62,0.84,0.0,0.00941,1585.0
4.63,0.91,-0.0,0.0085,1601.0
4.64,0.95,0.0,0.00844,1614.0
4.65,0.93,-0.0,0.00844,1608.0
4.66,0.92,0.0,0.00841,1606.0
4.66,0.94,-0.0,0.00885,1610.0
4.67,0.97,-0.01,0.00882,1616.0
4.68,0.91,0.0,0.00844,1603.0
4.69,0.9,0.0,0.009,1600.0
4.7,0.91,-0.0,0.00845,1601.0
4.71,0.92,-0.01,0.00849,1603.0
4.72,0.93,0.0,0.00843,1609.0
4.73,0.91,0.01,0.00845,1603.0
4.73,0.88,-0.0,0.00849,1595.0
4.74,0.87,-0.0,0.01116,1592.0
4.75,0.85,0.0,0.00853,1589.0
4.76,0.91,-0.0,0.00844,1603.0
4.77,0.9,-0.0,0.0085,1600.0
4.78,0.88,0.01,0.00847,1597.0
4.79,0.91,-0.0,0.00847,1602.0
4.8,0.95,-0.0,0.0093,1613.0
4.8,0.93,-0.0,0.00845,1608.0
4.81,0.89,-0.0,0.00845,1596.0
4.82,0.87,0.0,0.0085,1593.0
4.83,0.89,-0.0,0.00841,1598.0
4.84,0.91,-0.01,0.00845,1601.0
4.85,0.86,-0.0,0.00839,1589.0
4.86,0.79,0.0,0.00847,1573.0
4.86,0.74,0.0,0.00837,1561.0
4.87,0.75,-0.0,0.0088,1562.0
4.88,0.73,-0.0,0.00843,1557.0
4.89,0.79,0.0,0.00893,1574.0
4.9,0.79,0.0,0.00851,1574.0
4.91,0.81,-0.0,0.0084,1578.0
4.92,0.9,0.0,0.00831,1600.0
4.92,0.84,0.0,0.00853,1587.0
4.93,0.82,0.0,0.00881,1582.0
4.94,0.85,-0.0,0.00852,1587.0
4.95,0.83,-0.0,0.00846,1581.0
4.96,0.79,-0.0,0.00843,1572.0
4.97,0.77,0.0,0.00849,1569.0
4.97,0.78,0.0,0.00844,1570.0
4.98,0.84,-0.0,0.00884,1584.0
4.99,0.8,-0.0,0.00908,1575.0
5.0,0.78,0.0,0.00867,1570.0
5.01,0.78,0.0,0.00846,1571.0
5.02,0.82,0.0,0.00849,1581.0
5.03,0.82,-0.0,0.00842,1580.0
5.04,0.83,0.03,0.00842,1590.0
5.04,0.68,-0.01,0.00901,1543.0
5.05,0.55,-0.02,0.00883,1509.0
5.06,0.73,0.0,0.00847,1558.0
5.07,0.76,-0.0,0.00844,1564.0
5.08,0.81,-0.0,0.00849,1577.0
5.09,0.81,0.0,0.00843,1578.0
5.1,0.79,-0.0,0.00915,1572.0
5.1,0.83,-0.01,0.00842,1582.0
5.11,0.76,-0.0,0.00841,1564.0
5.12,0.7,0.01,0.00841,1552.0
5.13,0.68,0.0,0.00839,1546.0
5.14,0.75,0.0,0.00843,1563.0
5.15,0.82,-0.0,0.00843,1578.0
5.16,0.8,-0.0,0.00841,1576.0
5.16,0.77,-0.0,0.00842,1567.0
5.17,0.79,-0.0,0.00849,1571.0
5.18,0.77,0.01,0.00844,1569.0
5.19,0.83,-0.0,0.00898,1581.0
5.2,0.76,-0.01,0.00836,1564.0
5.21,0.77,-0.0,0.00845,1566.0
5.21,0.69,-0.0,0.00842,1546.0
5.22,0.64,0.0,0.00848,1535.0
5.23,0.64,0.0,0.00847,1536.0
5.24,0.67,-0.0,0.00847,1542.0
5.25,0.75,0.0,0.00849,1562.0
5.26,0.81,-0.0,0.00854,1578.0
5.27,0.8,-0.01,0.00905,1574.0
5.27,0.74,0.0,0.00839,1561.0
5.28,0.76,0.0,0.00847,1565.0
5.29,0.69,0.0,0.00902,1547.0
5.3,0.64,-0.0,0.00863,1534.0
5.31,0.66,0.0,0.00847,1542.0
5.32,0.65,-0.0,0.00843,1537.0
5.33,0.58,-0.0,0.0085,1520.0
5.33,0.53,-0.0,0.00841,1508.0
5.34,0.54,-0.0,0.00848,1511.0
5.35,0.6,-0.0,0.00837,1525.0
5.36,0.64,-0.0,0.00887,1536.0
5.37,0.67,-0.0,0.00982,1542.0
5.38,0.69,-0.0,0.00842,1546.0
5.39,0.7,0.0,0.00843,1550.0
5.4,0.74,-0.0,0.00949,1559.0
5.4,0.77,-0.0,0.00842,1567.0
5.41,0.71,-0.0,0.00838,1553.0
5.42,0.71,0.0,0.0085,1554.0
5.43,0.67,0.0,0.00851,1544.0
5.44,0.7,-0.0,0.0085,1550.0
5.45,0.8,-0.0,0.0084,1574.0
5.46,0.75,0.0,0.00847,1563.0
5.46,0.74,0.0,0.00842,1560.0
5.47,0.75,-0.0,0.0088,1562.0
5.48,0.76,-0.0,0.00843,1566.0
5.49,0.75,-0.0,0.00937,1562.0
5.5,0.74,-0.0,0.00843,1560.0
5.51,0.79,-0.0,0.0084,1571.0
5.52,0.81,-0.0,0.00845,1577.0
5.52,0.84,-0.0,0.00838,1585.0
5.53,0.8,-0.0,0.00853,1575.0
5.54,0.79,-0.0,0.00847,1572.0
5.55,0.81,0.0,0.00844,1579.0
5.56,0.81,-0.0,0.00847,1577.0
5.57,0.79,-0.0,0.00889,1573.0
5.58,0.79,-0.0,0.00847,1571.0
5.58,0.8,0.0,0.00843,1574.0
5.59,0.72,-0.0,0.00941,1554.0
5.6,0.75,-0.0,0.00847,1562.0
5.61,0.68,0.0,0.00843,1546.0
5.62,0.69,-0.0,0.00843,1547.0
5.63,0.7,0.0,0.00844,1549.0
5.64,0.68,0.0,0.00846,1546.0
5.64,0.67,-0.0,0.00893,1543.0
5.65,0.69,-0.0,0.00882,1548.0
5.66,0.69,0.0,0.00842,1548.0
5.67,0.68,0.0,0.0084,1546.0
5.68,0.73,-0.0,0.00846,1558.0
5.69,0.68,-0.0,0.00845,1544.0
5.7,0.71,0.0,0.00933,1553.0
5.7,0.79,0.0,0.0084,1574.0
5.71,0.81,0.0,0.00848,1578.0
5.72,0.79,0.0,0.00881,1574.0
5.73,0.84,0.0,0.00841,1585.0
5.74,0.84,-0.0,0.0084,1584.0
5.75,0.84,-0.0,0.00843,1584.0
5.76,0.81,0.0,0.00842,1578.0
5.76,0.8,-0.0,0.00844,1573.0
5.77,0.87,0.0,0.0088,1592.0
5.78,0.85,0.0,0.00847,1588.0
5.79,0.83,-0.0,0.00889,1583.0
5.8,0.83,-0.0,0.00842,1583.0
5.81,0.84,0.0,0.00845,1587.0
5.82,0.86,0.0,0.00849,1589.0
5.82,0.93,-0.0,0.00839,1609.0
5.83,0.88,0.0,0.00887,1595.0
5.84,0.91,0.0,0.00843,1603.0
5.85,0.89,-0.0,0.00843,1598.0
5.86,0.85,-0.0,0.00841,1588.0
5.87,0.84,-0.0,0.00849,1584.0
5.88,0.84,0.0,0.0084,1584.0
5.88,0.8,0.0,0.00851,1575.0
5.89,0.79,-0.0,0.0091,1571.0
5.9,0.81,-0.0,0.00872,1577.0
5.91,0.74,0.0,0.00834,1560.0
5.92,0.77,-0.0,0.00841,1568.0
5.93,0.76,-0.0,0.00845,1565.0
5.94,0.75,0.0,0.00846,1562.0
5.94,0.77,-0.0,0.00855,1566.0
5.95,0.76,0.0,0.00842,1565.0
5.96,0.78,-0.0,0.00842,1569.0
5.97,0.74,-0.0,0.00846,1559.0
5.98,0.81,0.0,0.00841,1578.0
5.99,0.86,0.0,0.00849,1589.0
6.0,0.94,-0.0,0.00945,1609.0
6.0,0.93,-0.0,0.00848,1606.0
6.01,0.96,0.0,0.0084,1615.0
6.02,0.94,0.0,0.00847,1611.0
6.03,0.94,-0.0,0.00837,1610.0
6.04,0.86,0.0,0.00851,1590.0
6.05,0.83,0.0,0.00845,1584.0
6.05,0.78,0.0,0.00841,1570.0
6.06,0.78,-0.0,0.00844,1570.0
6.07,0.71,-0.0,0.00832,1553.0
6.08,0.76,0.0,0.00842,1564.0
6.09,0.84,0.0,0.00894,1585.0
6.1,0.81,0.0,0.00887,1578.0
6.11,0.84,0.0,0.00873,1585.0
6.11,0.92,-0.0,0.00845,1605.0
6.12,0.93,-0.0,0.00845,1607.0
6.13,0.91,-0.0,0.00847,1602.0
6.14,0.87,0.0,0.0084,1593.0
6.15,0.88,0.0,0.00848,1595.0
6.16,0.91,0.0,0.0084,1603.0
6.17,0.93,-0.0,0.0088,1606.0
6.17,0.89,-0.0,0.00841,1596.0
6.18,0.86,0.0,0.00884,1590.0
6.19,0.87,0.0,0.00907,1592.0
6.2,0.85,0.0,0.00866,1588.0
6.21,0.82,-0.0,0.00841,1579.0
6.22,0.8,-0.0,0.00847,1575.0
6.23,0.72,0.0,0.00842,1556.0
6.23,0.74,-0.0,0.00843,1561.0
6.24,0.74,-0.0,0.00888,1560.0
6.25,0.71,0.0,0.0086,1552.0
6.26,0.8,0.0,0.00841,1575.0
6.27,0.79,-0.0,0.00847,1572.0
6.28,0.8,0.0,0.00842,1576.0
6.29,0.78,-0.0,0.0085,1568.0
6.29,0.77,-0.0,0.00911,1567.0
6.3,0.8,-0.0,0.00856,1575.0
6.31,0.77,-0.0,0.00836,1568.0
6.32,0.79,0.0,0.00842,1572.0
6.33,0.8,-0.0,0.00842,1573.0
6.34,0.79,-0.0,0.00843,1572.0
6.35,0.78,0.0,0.00837,1571.0
6.35,0.78,0.0,0.00851,1569.0
6.36,0.78,-0.0,0.00841,1571.0
6.37,0.78,-0.0,0.00855,1570.0
6.38,0.77,-0.0,0.00838,1568.0
6.39,0.8,-0.0,0.00855,1574.0
6.4,0.78,-0.0,0.00941,1568.0
6.41,0.79,-0.0,0.00847,1572.0
6.41,0.77,-0.0,0.00833,1567.0
6.42,0.76,-0.0,0.00845,1566.0
6.43,0.85,0.0,0.00842,1587.0
6.44,0.83,0.0,0.00846,1582.0
6.45,0.81,0.0,0.00848,1579.0
6.46,0.83,-0.0,0.00844,1582.0
6.46,0.84,0.0,0.00882,1585.0
6.47,0.88,-0.0,0.00851,1595.0
6.48,0.89,-0.0,0.0085,1597.0
6.49,0.9,-0.0,0.00903,1600.0
6.5,0.92,0.0,0.00868,1604.0
6.51,0.9,-0.0,0.00846,1600.0
6.52,0.91,0.0,0.00853,1604.0
6.52,0.99,-0.0,0.0084,1622.0
6.53,0.96,-0.0,0.00884,1615.0
6.54,0.98,0.0,0.00841,1621.0
6.55,1.05,-0.0,0.00838,1637.0
6.56,1.04,0.0,0.0084,1634.0
6.57,1.07,-0.0,0.0085,1643.0
6.58,1.01,-0.0,0.00843,1626.0
6.58,0.97,-0.0,0.00842,1616.0
6.59,0.83,-0.0,0.00953,1583.0
6.6,1.0,-0.03,0.00859,1618.0
6.61,1.05,-0.01,0.00843,1636.0
6.62,0.98,0.01,0.00845,1622.0
6.63,0.98,0.01,0.00842,1621.0
6.64,0.95,0.0,0.0085,1612.0
6.64,0.89,0.0,0.00839,1599.0
6.65,0.87,0.0,0.00852,1594.0
6.66,0.95,0.0,0.00839,1614.0
6.67,0.96,0.0,0.00839,1614.0
6.68,0.95,-0.0,0.0084,1611.0
6.69,0.9,-0.0,0.0084,1600.0
6.7,0.85,0.0,0.00903,1589.0
6.7,0.78,0.0,0.0084,1572.0
6.71,0.81,-0.0,0.0088,1577.0
6.72,0.81,-0.0,0.00846,1576.0
6.73,0.77,-0.0,0.00837,1567.0
6.74,0.75,0.0,0.00844,1563.0
6.75,0.77,0.01,0.0084,1569.0
6.76,0.81,0.0,0.00842,1577.0
6.76,0.77,0.0,0.00846,1567.0
6.77,0.76,-0.0,0.00846,1566.0
6.78,0.77,0.0,0.00842,1568.0
6.79,0.86,0.0,0.00915,1589.0
6.8,0.85,-0.0,0.00868,1587.0
6.81,0.83,-0.0,0.00843,1582.0
6.82,0.81,0.0,0.00841,1577.0
6.82,0.78,0.0,0.00854,1569.0
6.83,0.82,-0.0,0.00847,1579.0
6.84,0.84,-0.0,0.00891,1583.0
6.85,0.84,0.0,0.00843,1586.0
6.86,0.85,0.0,0.00845,1587.0
6.87,0.82,0.0,0.00844,1580.0
6.87,0.8,0.0,0.00846,1575.0
6.88,0.87,0.0,0.00847,1592.0
6.89,0.87,-0.0,0.00915,1592.0
6.9,0.8,0.0,0.00866,1576.0
6.91,0.8,-0.0,0.00835,1574.0
6.92,0.8,0.0,0.00839,1576.0
6.93,0.83,0.0,0.00844,1584.0
6.93,0.84,-0.0,0.00842,1584.0
6.94,0.82,-0.0,0.00948,1581.0
6.95,0.77,-0.0,0.00858,1568.0
6.96,0.85,-0.0,0.00843,1587.0
6.97,0.87,-0.0,0.00848,1592.0
6.98,0.93,0.0,0.00842,1608.0
6.99,0.92,-0.0,0.00857,1605.0
7.0,0.91,0.0,0.00945,1603.0
7.0,0.9,-0.0,0.00847,1598.0
7.01,0.89,0.0,0.00843,1598.0
7.02,0.96,-0.0,0.00842,1614.0
7.03,0.93,0.0,0.00839,1607.0
7.04,0.89,-0.0,0.00841,1598.0
7.05,0.86,0.0,0.00844,1591.0
7.06,0.89,0.0,0.00847,1597.0
7.06,0.9,-0.0,0.00897,1600.0
7.07,0.85,0.0,0.00864,1586.0
7.08,0.84,-0.0,0.00842,1585.0
7.09,0.81,0.0,0.00936,1577.0
7.1,0.82,-0.0,0.00842,1579.0
7.11,0.82,-0.0,0.00845,1579.0
7.12,0.8,-0.0,0.00843,1574.0
7.12,0.77,0.0,0.00842,1569.0
7.13,0.79,-0.0,0.0085,1571.0
7.14,0.85,-0.0,0.00841,1588.0
7.15,0.82,-0.01,0.00848,1579.0
7.16,0.81,0.0,0.00845,1578.0
7.17,0.78,0.0,0.00835,1571.0
7.17,0.8,0.0,0.00842,1575.0
7.18,0.81,-0.0,0.00848,1578.0
7.19,0.87,-0.0,0.00925,1592.0
7.2,0.87,-0.0,0.00865,1592.0
7.21,0.84,0.0,0.00845,1585.0
7.22,0.91,-0.0,0.00844,1603.0
7.23,0.91,-0.0,0.00848,1602.0
7.23,0.89,-0.0,0.00842,1597.0
7.24,0.84,-0.0,0.00885,1585.0
7.25,0.8,0.0,0.00843,1577.0
7.26,0.84,0.0,0.00848,1585.0
7.27,0.86,0.0,0.00843,1591.0
7.28,0.85,-0.0,0.00846,1587.0
7.29,0.82,0.0,0.00844,1580.0
7.3,0.8,0.0,0.00975,1575.0
7.3,0.8,-0.0,0.0084,1574.0
7.31,0.74,-0.0,0.00882,1559.0
7.32,0.81,0.0,0.00841,1579.0
7.33,0.81,-0.0,0.00839,1578.0
7.34,0.85,-0.0,0.00843,1588.0
7.35,0.85,0.0,0.00847,1588.0
7.36,0.84,-0.0,0.00841,1583.0
7.36,0.82,-0.0,0.00848,1579.0
7.37,0.74,0.0,0.00936,1561.0
7.38,0.83,-0.0,0.00845,1582.0
7.39,0.82,-0.0,0.009,1581.0
7.4,0.84,0.0,0.00865,1585.0
7.41,0.85,0.0,0.00845,1587.0
7.42,0.92,-0.0,0.00832,1605.0
7.42,0.9,-0.0,0.00848,1600.0
7.43,0.96,-0.0,0.00882,1614.0
7.44,0.86,0.0,0.00859,1591.0
7.45,0.89,0.0,0.00845,1598.0
7.46,0.89,0.0,0.00847,1598.0
7.47,0.87,-0.0,0.00842,1591.0
7.48,0.87,0.0,0.00847,1593.0
7.48,0.86,0.0,0.0084,1590.0
7.49,0.86,0.0,0.00944,1589.0
7.5,0.86,0.0,0.00846,1590.0
7.51,0.84,0.0,0.00843,1585.0
7.52,0.82,-0.0,0.00844,1580.0
7.53,0.81,-0.0,0.00846,1578.0
7.54,0.82,-0.0,0.00843,1578.0
7.54,0.9,-0.0,0.00845,1599.0
7.55,0.97,0.0,0.00882,1618.0
7.56,0.96,-0.0,0.00842,1616.0
7.57,1.01,-0.0,0.00841,1627.0
7.58,0.98,-0.0,0.00841,1619.0
7.59,1.04,-0.0,0.00841,1635.0
7.6,1.03,0.0,0.00923,1634.0
7.6,1.08,0.0,0.00839,1645.0
7.61,1.04,-0.0,0.00883,1635.0
7.62,1.02,0.0,0.00842,1631.0
7.63,1.07,-0.0,0.00842,1641.0
7.64,1.02,-0.0,0.00843,1630.0
7.65,1.01,-0.01,0.00844,1626.0
7.66,1.08,0.01,0.00842,1647.0
7.66,1.2,-0.03,0.00835,1668.0
7.67,1.22,0.01,0.00846,1682.0
7.68,1.25,-0.0,0.00843,1687.0
7.69,1.13,-0.01,0.00888,1655.0
7.7,1.22,0.0,0.00846,1679.0
7.71,1.24,0.01,0.00845,1686.0
7.71,1.12,-0.01,0.00841,1653.0
7.72,1.02,0.0,0.00844,1631.0
7.73,1.13,0.01,0.00848,1658.0
7.74,1.15,0.0,0.00876,1663.0
7.75,1.07,-0.0,0.00857,1643.0
7.76,1.06,-0.0,0.00837,1640.0
7.77,1.09,0.0,0.00846,1649.0
7.77,1.06,0.0,0.00832,1639.0
7.78,1.03,0.0,0.00892,1633.0
7.79,1.0,-0.0,0.00918,1625.0
7.8,1.03,-0.0,0.00864,1632.0
7.81,1.0,-0.0,0.00843,1625.0
7.82,0.96,0.0,0.00844,1615.0
7.83,0.9,0.0,0.00846,1601.0
7.83,0.92,0.0,0.00841,1605.0
7.84,0.95,-0.0,0.00847,1612.0
7.85,0.93,-0.01,0.00843,1606.0
7.86,0.9,0.0,0.00842,1600.0
7.87,0.83,0.0,0.00841,1584.0
7.88,0.88,0.0,0.00842,1596.0
7.88,0.87,-0.0,0.00841,1592.0
7.89,0.84,-0.0,0.00952,1586.0
7.9,0.8,0.0,0.0085,1577.0
7.91,0.79,0.0,0.00838,1573.0
7.92,0.84,0.0,0.0084,1585.0
7.93,0.82,-0.0,0.00842,1578.0
7.94,0.78,-0.0,0.00843,1569.0
7.94,0.79,0.0,0.00837,1572.0
7.95,0.79,0.0,0.00883,1572.0
7.96,0.87,-0.0,0.00839,1593.0
7.97,0.86,0.0,0.00887,1589.0
7.98,0.86,0.0,0.00839,1592.0
7.99,0.84,0.0,0.00844,1586.0
8.0,0.83,-0.0,0.00929,1581.0
8.01,0.91,-0.0,0.00841,1602.0
8.01,0.88,0.0,0.00842,1594.0
8.02,0.88,0.0,0.00881,1596.0
8.03,0.85,-0.0,0.00846,1588.0
8.04,0.87,0.0,0.00841,1592.0
8.05,0.85,0.01,0.0089,1589.0
8.06,0.79,0.0,0.00841,1573.0
8.07,0.81,-0.0,0.00853,1576.0
8.07,0.81,-0.0,0.00841,1578.0
8.08,0.88,-0.0,0.00885,1595.0
8.09,0.81,0.0,0.00907,1579.0
8.1,0.88,0.0,0.00849,1594.0
8.11,0.85,-0.0,0.0084,1587.0
8.12,0.8,-0.0,0.0085,1574.0
8.13,0.93,-0.0,0.00845,1606.0
8.13,0.85,0.01,0.00839,1590.0
8.14,0.78,-0.0,0.00882,1570.0
8.15,0.8,-0.0,0.00834,1575.0
8.16,0.74,-0.0,0.00846,1559.0
8.17,0.67,-0.01,0.00837,1541.0
8.18,0.65,0.0,0.00849,1540.0
8.18,0.59,-0.0,0.00841,1523.0
8.19,0.56,0.0,0.00905,1516.0
8.2,0.58,0.0,0.00867,1520.0
8.21,0.75,-0.0,0.00843,1561.0
8.22,0.77,-0.0,0.00842,1567.0
8.23,0.84,0.0,0.00849,1586.0
8.24,0.9,-0.0,0.00835,1600.0
8.24,0.92,-0.01,0.00842,1603.0
8.25,1.25,-0.02,0.00851,1683.0
8.26,1.61,-0.01,0.01,1773.0
8.27,1.5,0.0,0.0111,1752.0
8.28,1.41,-0.0,0.00838,1727.0
8.29,1.31,0.0,0.01026,1704.0
8.3,1.15,0.0,0.0088,1663.0
8.31,1.12,0.01,0.00967,1657.0
8.32,1.44,-0.02,0.009,1731.0
8.33,1.56,-0.0,0.00906,1763.0
8.34,1.48,0.01,0.00842,1747.0
8.35,1.3,0.0,0.00891,1699.0
8.36,1.25,0.01,0.0083,1688.0
8.36,1.11,-0.01,0.00858,1650.0
8.37,0.98,-0.02,0.00839,1617.0
8.38,0.81,0.01,0.00885,1580.0
8.39,0.83,0.01,0.00896,1583.0
8.4,0.9,0.0,0.00852,1601.0
8.41,0.79,-0.0,0.00844,1573.0
8.42,0.72,0.0,0.00847,1556.0
8.42,0.75,-0.0,0.00841,1562.0
8.43,0.66,-0.0,0.00938,1540.0
8.44,0.7,-0.01,0.00842,1548.0
8.45,0.78,0.0,0.00846,1569.0
8.46,0.71,0.0,0.00851,1553.0
8.47,0.75,0.0,0.00913,1564.0
8.48,0.72,0.0,0.00865,1556.0
8.48,0.89,0.01,0.00832,1599.0
8.49,0.79,0.0,0.00892,1574.0
8.5,0.75,-0.0,0.00833,1563.0
8.51,0.88,-0.0,0.0084,1594.0
8.52,1.13,-0.0,0.00841,1657.0
8.53,1.15,-0.0,0.00846,1662.0
8.54,0.82,-0.01,0.00843,1577.0
8.54,1.0,-0.0,0.00842,1624.0
8.55,1.03,-0.0,0.00883,1632.0
8.56,0.99,0.0,0.00843,1623.0
8.57,0.97,-0.01,0.00889,1617.0
8.58,1.04,0.01,0.00943,1637.0
8.59,0.98,0.0,0.0093,1622.0
8.6,1.01,-0.0,0.00904,1628.0
8.61,0.86,-0.01,0.0088,1589.0
8.62,0.82,0.0,0.00943,1580.0
8.62,0.9,-0.03,0.00836,1592.0
8.63,0.92,-0.0,0.00846,1604.0
8.64,0.95,0.01,0.00834,1614.0
8.65,0.99,0.0,0.00909,1623.0
8.66,0.92,0.0,0.0084,1606.0
8.67,0.92,-0.0,0.00953,1604.0
8.68,0.89,-0.0,0.00841,1599.0
8.69,0.87,-0.0,0.00844,1591.0
8.69,0.88,0.0,0.00969,1595.0
8.7,0.88,0.0,0.00844,1595.0
8.71,0.82,-0.0,0.00898,1580.0
8.72,0.8,0.0,0.00834,1576.0
8.73,0.81,0.0,0.00906,1578.0
8.74,0.85,-0.0,0.00839,1588.0
8.75,0.85,-0.0,0.00841,1587.0
8.76,0.83,-0.0,0.00904,1582.0
8.77,0.79,0.0,0.00962,1574.0
8.77,0.72,-0.0,0.00841,1556.0
8.78,0.75,-0.0,0.00848,1561.0
8.79,0.75,0.0,0.00913,1563.0
8.8,0.71,0.0,0.00867,1553.0
8.81,0.71,0.0,0.00842,1553.0
8.82,0.68,-0.0,0.00938,1545.0
8.83,0.7,-0.0,0.00843,1549.0
8.83,0.64,-0.0,0.00833,1533.0
8.84,0.64,-0.0,0.00859,1534.0
8.85,0.66,-0.0,0.00896,1540.0
8.86,0.71,-0.0,0.0084,1550.0
8.87,0.67,0.0,0.00937,1543.0
8.88,0.69,0.0,0.00842,1548.0
8.89,0.69,0.0,0.00927,1548.0
8.9,0.71,0.0,0.00911,1554.0
8.9,0.66,0.0,0.00841,1541.0
8.91,0.64,-0.0,0.00839,1535.0
8.92,0.78,-0.0,0.00888,1568.0
8.93,0.78,0.0,0.00842,1570.0
8.94,0.81,0.0,0.00841,1577.0
8.95,0.79,0.0,0.00847,1572.0
8.96,0.75,-0.0,0.00959,1562.0
8.97,0.78,-0.0,0.00898,1569.0
8.98,0.8,-0.0,0.01032,1574.0
8.99,0.78,0.0,0.0099,1571.0
9.0,0.74,0.0,0.00985,1561.0
9.0,0.75,0.0,0.00837,1564.0
9.01,0.78,0.0,0.00847,1570.0
9.02,0.87,0.0,0.0084,1592.0
9.03,0.84,-0.0,0.00836,1584.0
9.04,0.8,0.0,0.00844,1575.0
9.05,0.83,0.0,0.00841,1583.0
9.06,0.91,-0.0,0.00848,1603.0
9.06,0.88,-0.0,0.00845,1594.0
9.07,0.84,0.0,0.00857,1585.0
9.08,0.83,0.0,0.00912,1583.0
9.09,0.83,0.0,0.00969,1584.0
9.1,0.85,-0.0,0.00839,1586.0
9.11,0.84,-0.0,0.00838,1584.0
9.12,0.76,0.0,0.00849,1565.0
9.13,0.76,-0.0,0.01586,1564.0
9.14,0.7,-0.0,0.00966,1550.0
9.15,0.69,0.0,0.00933,1548.0
9.16,0.77,-0.0,0.00915,1566.0
9.18,0.74,-0.0,0.01571,1560.0
9.19,0.74,-0.0,0.01053,1559.0
9.2,0.71,0.0,0.01042,1554.0
9.21,0.71,0.01,0.0084,1553.0
9.21,0.64,0.0,0.00849,1534.0
9.22,0.66,-0.0,0.00843,1539.0
9.23,0.67,0.0,0.00848,1544.0
9.24,0.66,0.0,0.00844,1539.0
9.25,0.62,0.0,0.00856,1531.0
9.26,0.65,-0.0,0.00842,1537.0
9.26,0.67,0.0,0.00842,1543.0
9.27,0.75,-0.0,0.00846,1563.0
9.28,0.75,0.0,0.00846,1564.0
9.29,0.75,-0.0,0.00895,1563.0
9.3,0.74,-0.0,0.00841,1560.0
9.31,0.54,-0.01,0.00943,1509.0
9.32,0.63,-0.01,0.00847,1530.0
9.33,0.7,-0.0,0.00842,1550.0
9.33,0.64,0.0,0.00848,1536.0
9.34,0.65,0.0,0.00841,1539.0
9.35,0.62,0.0,0.0085,1531.0
9.36,0.65,0.0,0.00843,1537.0
9.37,0.73,0.0,0.00856,1557.0
9.38,0.76,-0.0,0.00848,1565.0
9.38,0.75,0.0,0.00847,1564.0
9.39,0.78,0.0,0.0094,1571.0
9.4,0.78,-0.0,0.00855,1569.0
9.41,0.79,-0.0,0.00833,1571.0
9.42,0.78,0.0,0.00844,1570.0
9.43,0.77,0.0,0.00842,1567.0
9.44,0.71,-0.0,0.00844,1553.0
9.44,0.75,-0.0,0.00841,1562.0
9.45,0.74,-0.0,0.00847,1559.0
9.46,0.73,-0.0,0.0084,1558.0
9.47,0.72,0.0,0.00843,1556.0
9.48,0.78,0.0,0.0084,1569.0
9.49,0.7,0.0,0.00847,1551.0
9.5,0.73,-0.0,0.00929,1558.0
9.5,0.72,-0.0,0.00844,1554.0
9.51,0.73,0.0,0.00842,1558.0
9.52,0.77,-0.0,0.00843,1567.0
9.53,0.79,-0.0,0.00839,1571.0
9.54,0.79,-0.0,0.00843,1572.0
9.55,0.78,-0.0,0.00842,1570.0
9.55,0.75,0.0,0.00843,1564.0
9.56,0.77,0.0,0.00846,1567.0
9.57,0.8,-0.0,0.00846,1575.0
9.58,0.72,0.0,0.00842,1556.0
9.59,0.72,-0.0,0.00881,1556.0
9.6,0.71,-0.0,0.0085,1553.0
9.61,0.69,0.0,0.00848,1549.0
9.61,0.72,0.0,0.00842,1556.0
9.62,0.74,-0.0,0.00884,1560.0
9.63,0.74,-0.0,0.00884,1559.0
9.64,0.73,0.0,0.00846,1557.0
9.65,0.76,0.0,0.00847,1564.0
9.66,0.8,0.0,0.00846,1575.0
9.67,0.81,-0.0,0.00834,1578.0
9.67,0.81,-0.0,0.0083,1577.0
9.68,0.8,-0.0,0.00889,1574.0
9.69,0.82,-0.0,0.00901,1580.0
9.7,0.83,-0.0,0.00844,1581.0
9.71,0.8,0.0,0.00843,1576.0
9.72,0.73,-0.0,0.00839,1557.0
9.73,0.72,-0.0,0.00842,1555.0
9.73,0.74,0.0,0.00846,1560.0
9.75,0.67,0.0,0.01132,1544.0
9.75,0.65,-0.0,0.00847,1538.0
9.76,0.65,-0.0,0.00844,1537.0
9.77,0.74,0.0,0.00889,1559.0
9.78,0.79,0.0,0.00839,1573.0
9.79,0.78,-0.0,0.00887,1570.0
9.8,0.77,-0.0,0.00842,1567.0
9.81,0.72,-0.0,0.00849,1554.0
9.81,0.75,0.0,0.00842,1563.0
9.82,0.75,0.0,0.00881,1562.0
9.83,0.68,-0.0,0.00843,1543.0
9.84,0.66,-0.0,0.00853,1540.0
9.85,0.65,0.0,0.00854,1537.0
9.86,0.67,-0.0,0.00842,1541.0
9.86,0.69,0.0,0.00837,1548.0
9.87,0.63,-0.0,0.00859,1531.0
9.88,0.62,0.0,0.00845,1531.0
9.89,0.63,0.0,0.00943,1532.0
9.9,0.7,0.0,0.00845,1551.0
9.91,0.7,0.0,0.00841,1550.0
9.92,0.71,0.0,0.00836,1553.0
9.93,0.7,-0.0,0.00841,1551.0
9.93,0.71,0.0,0.0085,1554.0
9.94,0.71,0.0,0.00843,1552.0
9.95,0.72,-0.0,0.0084,1553.0
9.96,0.8,-0.0,0.00839,1574.0
9.97,0.8,-0.0,0.00843,1574.0
9.98,0.78,-0.0,0.00841,1571.0
9.98,0.82,0.0,0.0084,1580.0
9.99,0.89,-0.0,0.00892,1598.0
10.0,0.88,-0.0,0.00865,1595.0
10.01,0.86,0.0,0.00848,1591.0
10.02,0.83,0.0,0.00848,1584.0
10.03,0.77,-0.0,0.00848,1569.0
10.04,0.8,-0.0,0.00854,1574.0
10.04,0.77,-0.0,0.0084,1568.0
10.05,0.85,0.0,0.00881,1587.0
10.06,0.84,-0.0,0.00841,1586.0
10.07,0.83,-0.0,0.00883,1582.0
10.08,0.81,0.0,0.00844,1579.0
10.09,0.81,-0.0,0.00842,1577.0
10.1,0.8,0.0,0.00945,1574.0
10.11,0.78,-0.0,0.00894,1571.0
10.11,0.86,0.0,0.00848,1591.0
10.12,0.86,-0.0,0.00846,1589.0
10.13,0.87,-0.0,0.00843,1591.0
10.14,0.84,0.0,0.00847,1586.0
10.15,0.84,0.0,0.00844,1587.0
10.16,0.78,0.0,0.00846,1571.0
10.16,0.79,-0.0,0.00831,1571.0
10.17,0.75,-0.0,0.00848,1563.0
10.18,0.74,-0.0,0.00842,1560.0
10.19,0.75,0.0,0.00903,1564.0
10.2,0.76,-0.0,0.00865,1566.0
10.21,0.78,0.0,0.00853,1570.0
10.22,0.86,-0.0,0.00844,1590.0
10.22,0.85,-0.0,0.0084,1587.0
10.23,0.93,-0.0,0.00837,1607.0
10.24,0.93,0.0,0.00888,1607.0
10.25,0.91,0.0,0.00842,1603.0
10.26,0.82,0.0,0.00842,1580.0
10.27,0.79,0.0,0.00841,1572.0
10.28,0.8,-0.0,0.00841,1574.0
10.28,0.8,-0.0,0.0085,1574.0
10.29,0.81,-0.0,0.00892,1577.0
10.3,0.8,0.0,0.00844,1575.0
10.31,0.76,0.0,0.00852,1566.0
10.32,0.75,0.0,0.00844,1564.0
10.33,0.78,0.0,0.00845,1571.0
10.33,0.79,0.0,0.00843,1573.0
10.34,0.8,-0.0,0.00888,1574.0
10.35,0.76,0.0,0.00844,1566.0
10.36,0.76,0.0,0.00843,1566.0
10.37,0.78,0.0,0.00843,1570.0
10.38,0.78,0.0,0.00845,1570.0
10.39,0.81,0.0,0.00845,1577.0
10.4,0.75,0.0,0.00952,1562.0
10.4,0.68,0.0,0.00844,1545.0
10.41,0.69,0.0,0.00836,1548.0
10.42,0.7,0.0,0.00862,1550.0
10.43,0.71,0.0,0.00944,1552.0
10.44,0.64,0.0,0.00836,1535.0
10.45,0.66,-0.0,0.00859,1540.0
10.46,0.69,-0.0,0.00848,1546.0
10.46,0.78,0.0,0.00843,1570.0
10.47,0.78,-0.0,0.00878,1569.0
10.48,0.78,0.0,0.0084,1569.0
10.49,0.86,0.0,0.00889,1590.0
10.5,0.84,-0.0,0.00844,1584.0
10.51,0.83,-0.0,0.0085,1583.0
10.52,0.85,0.0,0.00841,1589.0
10.52,0.78,-0.0,0.00844,1570.0
10.53,0.77,0.0,0.0088,1567.0
10.54,0.75,-0.0,0.00846,1561.0
10.55,0.74,0.0,0.00843,1560.0
10.56,0.72,-0.0,0.00843,1555.0
10.57,0.72,0.0,0.00843,1556.0
10.57,0.71,-0.01,0.00831,1552.0
10.58,0.76,-0.0,0.00928,1563.0
10.59,0.74,0.0,0.00984,1561.0
10.6,0.71,0.0,0.00882,1553.0
10.61,0.73,-0.0,0.00838,1557.0
10.62,0.75,-0.0,0.00843,1563.0
10.63,0.78,-0.0,0.00877,1569.0
10.64,0.77,-0.0,0.00844,1568.0
10.65,0.77,0.0,0.00836,1568.0
10.65,0.78,0.0,0.00849,1571.0
10.66,0.79,0.0,0.00831,1572.0
10.67,0.78,0.0,0.00906,1571.0
10.68,0.75,-0.0,0.00843,1562.0
10.69,0.76,0.0,0.00904,1566.0
10.7,0.76,-0.0,0.00877,1564.0
10.71,0.75,-0.0,0.00849,1562.0
10.71,0.73,0.0,0.00834,1557.0
10.72,0.71,0.0,0.00892,1554.0
10.73,0.73,0.0,0.00845,1558.0
10.74,0.76,0.0,0.00842,1566.0
10.75,0.79,-0.0,0.00848,1572.0
10.76,0.79,-0.0,0.00852,1572.0
10.77,0.81,0.0,0.0085,1577.0
10.77,0.81,0.0,0.00843,1578.0
10.78,0.81,-0.0,0.00882,1577.0
10.79,0.88,-0.0,0.00922,1595.0
10.8,0.86,-0.0,0.00866,1590.0
10.81,0.85,0.0,0.00847,1587.0
10.82,0.9,0.0,0.00842,1601.0
10.83,0.9,-0.0,0.00853,1600.0
10.83,0.87,-0.0,0.00841,1592.0
10.84,0.9,-0.0,0.00884,1600.0
10.85,0.89,-0.0,0.00884,1597.0
10.86,0.87,0.0,0.00843,1592.0
10.87,0.87,0.0,0.00848,1593.0
10.88,0.86,-0.0,0.00848,1590.0
10.89,0.84,-0.0,0.00851,1584.0
10.9,0.76,0.0,0.00952,1565.0
10.9,0.78,0.0,0.00847,1569.0
10.91,0.78,-0.0,0.00835,1570.0
10.92,0.78,0.0,0.00845,1570.0
10.93,0.76,0.0,0.00837,1565.0
10.94,0.69,0.0,0.00848,1548.0
10.95,0.67,-0.0,0.00839,1542.0
10.95,0.68,-0.0,0.00842,1544.0
10.96,0.72,-0.0,0.00844,1555.0
10.97,0.73,0.0,0.00897,1558.0
10.98,0.67,-0.0,0.00863,1541.0
10.99,0.66,0.0,0.00894,1540.0
11.0,0.62,-0.0,0.00842,1529.0
11.01,0.66,0.0,0.00849,1540.0
11.01,0.67,-0.0,0.00842,1542.0
11.02,0.67,0.0,0.00849,1544.0
11.03,0.68,0.0,0.00884,1546.0
11.04,0.71,-0.01,0.00849,1550.0
11.05,0.7,-0.0,0.0085,1550.0
11.06,0.72,-0.0,0.00848,1555.0
11.07,0.65,0.0,0.00844,1539.0
11.07,0.67,-0.0,0.00847,1542.0
11.08,0.68,0.0,0.00849,1545.0
11.09,0.62,-0.0,0.00942,1529.0
11.1,0.62,-0.0,0.00842,1530.0
11.11,0.64,0.0,0.00847,1535.0
11.12,0.63,-0.0,0.00843,1532.0
11.13,0.65,-0.0,0.00851,1538.0
11.13,0.6,-0.0,0.00842,1524.0
11.14,0.6,-0.0,0.0085,1525.0
11.15,0.69,0.0,0.0085,1547.0
11.16,0.69,-0.0,0.00837,1547.0
11.17,0.74,-0.0,0.00838,1560.0
11.18,0.74,-0.0,0.00845,1560.0
11.19,0.75,0.0,0.0084,1564.0
11.19,0.78,-0.0,0.00903,1570.0
11.2,0.79,-0.0,0.00884,1573.0
11.21,0.72,-0.0,0.00844,1554.0
11.22,0.74,0.0,0.00842,1559.0
11.23,0.75,0.0,0.00851,1564.0
11.24,0.72,-0.0,0.00855,1554.0
11.25,0.72,-0.0,0.00845,1556.0
11.25,0.73,0.0,0.00842,1558.0
11.26,0.73,0.0,0.00842,1557.0
11.27,0.72,0.0,0.00842,1554.0
11.28,0.73,-0.0,0.00842,1556.0
11.29,0.66,0.0,0.00846,1541.0
11.3,0.68,0.0,0.00924,1546.0
11.31,0.78,-0.0,0.00842,1569.0
11.31,0.81,0.0,0.00849,1577.0
11.32,0.8,0.0,0.00842,1575.0
11.33,0.73,0.0,0.00844,1557.0
11.34,0.71,-0.0,0.00844,1551.0
11.35,0.72,-0.0,0.00842,1554.0
11.36,0.72,0.0,0.00837,1556.0
11.36,0.66,-0.0,0.00842,1538.0
11.37,0.59,0.0,0.00881,1523.0
11.38,0.64,0.0,0.0085,1535.0
11.39,0.62,0.0,0.00948,1531.0
11.4,0.57,-0.0,0.00848,1516.0
11.41,0.63,-0.0,0.00843,1532.0
11.42,0.72,-0.0,0.00836,1556.0
11.42,0.74,0.0,0.00846,1560.0
11.43,0.82,-0.0,0.0085,1580.0
11.44,0.75,-0.0,0.00846,1563.0
11.45,0.75,0.0,0.00846,1563.0
11.46,0.77,-0.0,0.00844,1566.0
11.47,0.76,-0.0,0.00842,1565.0
11.48,0.74,-0.0,0.00844,1560.0
11.48,0.75,0.0,0.0084,1563.0
11.49,0.77,0.0,0.00942,1567.0
11.5,0.84,0.0,0.00848,1586.0
11.51,0.82,-0.0,0.00849,1580.0
11.52,0.74,-0.0,0.00844,1560.0
11.53,0.75,0.0,0.00842,1562.0
11.54,0.69,0.0,0.00843,1549.0
11.54,0.69,0.0,0.00847,1548.0
11.55,0.68,-0.0,0.00882,1543.0
11.56,0.77,0.0,0.00839,1569.0
11.57,0.78,-0.0,0.00897,1570.0
11.58,0.8,-0.0,0.00926,1574.0
11.59,0.79,0.0,0.00922,1572.0
11.6,0.79,0.0,0.00859,1573.0
11.61,0.76,0.0,0.00845,1566.0
11.61,0.78,-0.0,0.00852,1568.0
11.62,0.79,-0.0,0.00887,1573.0
11.63,0.78,-0.0,0.00846,1570.0
11.64,0.8,0.0,0.00844,1576.0
11.65,0.79,0.0,0.00882,1573.0
11.66,0.8,0.0,0.00843,1576.0
11.67,0.72,0.0,0.00834,1556.0
11.67,0.72,0.0,0.00842,1555.0
11.68,0.71,-0.0,0.00885,1553.0
11.69,0.7,0.0,0.00914,1550.0
11.7,0.71,0.0,0.00863,1553.0
11.71,0.7,-0.0,0.00848,1549.0
11.72,0.64,-0.0,0.00844,1534.0
11.73,0.65,0.0,0.00849,1539.0
11.73,0.6,0.0,0.00841,1526.0
11.74,0.62,0.0,0.00846,1531.0
11.75,0.58,-0.0,0.00832,1519.0
11.76,0.58,0.0,0.00853,1522.0
11.77,0.62,-0.0,0.00842,1529.0
11.78,0.56,-0.0,0.00846,1515.0
11.79,0.59,0.0,0.0084,1524.0
11.79,0.58,0.0,0.0095,1521.0
11.8,0.6,-0.0,0.00849,1524.0
11.81,0.59,0.0,0.00846,1522.0
11.82,0.61,0.0,0.00849,1527.0
11.83,0.61,-0.0,0.00852,1528.0
11.84,0.63,0.0,0.00848,1533.0
11.85,0.63,0.0,0.00898,1533.0
11.85,0.62,0.0,0.00831,1530.0
11.86,0.63,0.0,0.00851,1534.0
11.87,0.64,0.0,0.0088,1536.0
11.88,0.58,-0.0,0.00882,1519.0
11.89,0.6,-0.0,0.00899,1524.0
11.9,0.55,-0.0,0.00873,1511.0
11.91,0.57,-0.0,0.00844,1517.0
11.91,0.57,-0.0,0.00832,1518.0
11.92,0.58,-0.0,0.00858,1520.0
11.93,0.62,0.0,0.00846,1530.0
11.94,0.56,0.0,0.00846,1515.0
11.95,0.69,-0.02,0.00843,1544.0
11.96,0.44,-0.04,0.00851,1476.0
11.97,0.57,-0.01,0.00844,1514.0
11.97,0.63,-0.0,0.00846,1532.0
11.98,0.66,-0.01,0.00875,1539.0
11.99,0.75,0.0,0.0092,1564.0
12.0,0.78,-0.0,0.00865,1570.0
12.01,0.81,0.0,0.00851,1579.0
12.02,0.89,-0.0,0.00842,1595.0
12.03,0.83,0.0,0.00849,1582.0
12.03,0.9,-0.0,0.0084,1601.0
12.04,0.92,-0.0,0.00851,1606.0
12.05,0.85,0.0,0.00882,1588.0
12.06,0.89,0.0,0.00848,1597.0
12.07,0.84,0.0,0.00843,1586.0
12.08,0.78,-0.0,0.00849,1568.0
12.09,0.81,-0.01,0.00844,1577.0
12.1,0.84,-0.0,0.00918,1585.0
12.1,0.89,0.0,0.00871,1598.0
12.11,0.83,-0.0,0.00843,1581.0
12.12,0.68,-0.0,0.00843,1543.0
12.13,0.7,-0.01,0.00851,1548.0
12.14,0.67,0.0,0.00842,1544.0
12.15,0.66,-0.0,0.00846,1540.0
12.15,0.68,0.01,0.00839,1546.0
12.16,0.67,0.0,0.00838,1542.0
12.17,0.71,0.0,0.0084,1553.0
12.18,0.68,0.0,0.00847,1546.0
12.19,0.71,0.0,0.00906,1553.0
12.2,0.69,-0.0,0.00868,1548.0
12.21,0.68,-0.0,0.00843,1545.0
12.21,0.7,-0.0,0.00842,1548.0
12.22,0.64,0.0,0.00882,1536.0
12.23,0.6,-0.0,0.00883,1524.0
12.24,0.63,-0.0,0.00841,1533.0
12.25,0.63,0.0,0.00859,1534.0
12.26,0.62,-0.0,0.00842,1531.0
12.27,0.68,-0.0,0.00846,1544.0
12.27,0.7,0.0,0.00843,1550.0
12.28,0.71,-0.0,0.00881,1553.0
12.29,0.74,0.0,0.00894,1560.0
12.3,0.68,0.0,0.00864,1545.0
12.31,0.71,-0.0,0.00841,1552.0
12.32,0.69,0.0,0.0088,1549.0
12.33,0.63,0.0,0.00841,1534.0
12.33,0.62,0.0,0.0084,1531.0
12.34,0.61,-0.0,0.00847,1527.0
12.35,0.66,-0.0,0.0085,1540.0
12.36,0.66,-0.0,0.00842,1540.0
12.37,0.75,-0.0,0.0085,1562.0
12.38,0.75,0.0,0.0085,1563.0
12.39,0.72,0.0,0.00847,1556.0
12.39,0.76,0.0,0.0094,1564.0
12.41,0.74,-0.0,0.01016,1561.0
12.41,0.75,0.0,0.00847,1562.0
12.42,0.75,-0.0,0.00845,1561.0
12.43,0.75,-0.01,0.00848,1561.0
12.44,0.73,-0.0,0.00841,1557.0
12.45,0.82,0.0,0.00847,1580.0
12.46,0.82,0.0,0.00843,1581.0
12.46,0.9,-0.0,0.00842,1600.0
12.47,0.89,0.0,0.00902,1599.0
12.48,0.8,-0.0,0.0086,1576.0
12.49,0.8,-0.0,0.00903,1575.0
12.5,0.75,-0.0,0.00866,1563.0
12.51,0.75,-0.0,0.00846,1562.0
12.52,0.69,-0.0,0.0085,1547.0
12.52,0.68,0.0,0.00841,1546.0
12.53,0.72,-0.0,0.00884,1554.0
12.54,0.73,-0.0,0.00843,1558.0
12.55,0.75,-0.0,0.00845,1563.0
12.56,0.74,-0.0,0.00848,1561.0
12.57,0.76,0.0,0.00847,1565.0
12.58,0.76,0.0,0.00844,1564.0
12.58,0.84,-0.0,0.00847,1585.0
12.59,0.84,-0.0,0.0095,1583.0
12.6,0.85,0.0,0.00854,1588.0
12.61,0.82,-0.0,0.00839,1579.0
12.62,0.79,-0.0,0.00844,1573.0
12.63,0.88,0.0,0.0084,1594.0
12.64,0.87,-0.0,0.00845,1591.0
12.64,0.85,-0.0,0.00841,1587.0
12.65,0.82,-0.0,0.00846,1579.0
12.66,0.77,-0.01,0.00828,1567.0
12.67,0.77,-0.0,0.00847,1568.0
12.68,0.77,-0.0,0.00841,1567.0
12.69,0.7,0.0,0.00837,1549.0
12.7,0.68,0.0,0.00923,1544.0
12.7,0.69,-0.0,0.00844,1546.0
12.71,0.7,-0.0,0.00848,1550.0
12.72,0.79,-0.0,0.00842,1572.0
12.73,0.77,-0.0,0.00845,1568.0
12.74,0.86,-0.0,0.00844,1589.0
12.75,0.88,-0.0,0.00845,1594.0
12.75,0.9,0.0,0.00842,1600.0
12.76,0.97,0.0,0.00886,1617.0
12.77,0.94,-0.0,0.00877,1610.0
12.78,0.92,-0.0,0.00851,1606.0
12.79,0.91,0.0,0.0091,1602.0
12.8,0.97,0.0,0.00864,1618.0
12.81,0.99,-0.0,0.00847,1622.0
12.82,0.9,0.0,0.00849,1600.0
12.82,0.88,0.0,0.0084,1596.0
12.83,0.97,-0.05,0.00882,1605.0
12.84,1.06,0.0,0.0084,1640.0
12.85,1.15,-0.01,0.00847,1660.0
12.86,1.12,0.01,0.00846,1657.0
12.87,1.01,-0.0,0.0084,1627.0
12.88,0.84,-0.02,0.00845,1582.0
12.88,0.89,-0.01,0.00854,1595.0
12.89,1.0,-0.0,0.00881,1624.0
12.9,1.06,0.01,0.00843,1641.0
12.91,0.99,-0.01,0.0084,1622.0
12.92,1.03,0.0,0.00839,1633.0
12.93,1.01,0.0,0.00844,1628.0
12.93,1.03,0.0,0.00846,1634.0
12.94,1.01,0.01,0.00849,1630.0
12.95,0.99,-0.02,0.00847,1617.0
12.96,0.84,0.0,0.00845,1587.0
12.97,0.9,0.01,0.00852,1601.0
12.98,0.92,0.0,0.00843,1606.0
12.99,0.98,-0.0,0.00852,1620.0
12.99,0.95,0.0,0.00944,1613.0
13.0,0.93,0.0,0.00852,1609.0
13.01,0.91,-0.0,0.00844,1603.0
13.02,0.99,-0.0,0.00848,1622.0
13.03,0.97,-0.0,0.00839,1616.0
13.04,1.01,0.0,0.00845,1628.0
13.05,0.98,0.0,0.00839,1620.0
13.05,0.88,-0.0,0.00847,1595.0
13.06,0.86,-0.0,0.00847,1589.0
13.07,0.85,-0.0,0.00886,1588.0
13.08,0.85,0.0,0.00839,1587.0
13.09,0.93,-0.0,0.00902,1607.0
13.1,0.95,-0.0,0.00866,1611.0
13.11,0.89,-0.0,0.0085,1597.0
13.11,0.87,-0.0,0.00843,1592.0
13.12,0.95,0.0,0.00885,1612.0
13.13,0.96,0.0,0.00851,1615.0
13.14,0.98,-0.0,0.00849,1619.0
13.15,0.95,0.0,0.00844,1612.0
13.16,0.9,0.0,0.00844,1600.0
13.17,0.89,0.0,0.00849,1599.0
13.17,0.89,0.0,0.00842,1599.0
13.18,0.88,-0.0,0.00884,1594.0
13.19,0.85,0.0,0.00897,1587.0
13.2,0.84,0.0,0.00843,1585.0
13.21,0.77,-0.0,0.00842,1566.0
13.22,0.84,-0.0,0.00847,1585.0
13.23,0.86,-0.0,0.00843,1591.0
13.23,0.85,0.0,0.00842,1589.0
13.24,0.85,0.0,0.00884,1589.0
13.25,0.87,0.0,0.00849,1592.0
13.26,0.94,-0.0,0.00843,1611.0
13.27,0.94,0.0,0.00843,1611.0
13.28,0.91,0.0,0.00842,1603.0
13.29,0.97,0.0,0.00843,1619.0
13.29,0.96,0.0,0.00907,1614.0
13.3,0.93,-0.0,0.00884,1606.0
13.31,0.91,-0.0,0.00842,1602.0
13.32,0.91,-0.0,0.00847,1602.0
13.33,0.87,-0.0,0.00839,1592.0
13.34,0.83,0.0,0.00845,1582.0
13.35,0.81,0.0,0.00836,1577.0
13.35,0.87,-0.0,0.00853,1591.0
13.36,0.84,-0.0,0.00839,1585.0
13.37,0.83,0.0,0.00893,1583.0
13.38,0.83,0.0,0.00862,1583.0
13.39,0.84,0.0,0.00909,1586.0
13.4,0.83,-0.0,0.00861,1583.0
13.41,0.83,-0.0,0.00849,1581.0
13.41,0.8,0.0,0.00835,1575.0
13.42,0.83,-0.0,0.00882,1581.0
13.43,0.84,0.0,0.00843,1586.0
13.44,0.83,0.0,0.00841,1584.0
13.45,0.83,-0.0,0.00851,1581.0
13.46,0.81,0.0,0.00843,1577.0
13.47,0.81,0.0,0.00839,1576.0
13.47,0.73,0.0,0.00848,1558.0
13.48,0.72,-0.0,0.00846,1554.0
13.49,0.73,0.0,0.00883,1557.0
13.5,0.72,0.0,0.00846,1557.0
13.51,0.8,-0.0,0.00847,1576.0
13.52,0.79,-0.0,0.00842,1572.0
13.52,0.72,-0.0,0.00841,1555.0
13.53,0.72,0.0,0.00848,1555.0
13.54,0.76,0.0,0.00856,1564.0
13.55,0.77,-0.0,0.00843,1568.0
13.56,0.79,-0.0,0.00852,1571.0
13.57,0.86,-0.0,0.00844,1589.0
13.58,0.87,-0.0,0.00849,1592.0
13.58,0.83,0.0,0.00845,1582.0
13.59,0.83,-0.0,0.00945,1583.0
13.6,0.83,-0.0,0.00847,1583.0
13.61,0.83,0.0,0.00845,1583.0
13.62,0.82,-0.0,0.00845,1579.0
13.63,0.8,0.0,0.00847,1576.0
13.64,0.85,0.0,0.00841,1587.0
13.64,0.83,0.0,0.00846,1583.0
13.65,0.81,-0.0,0.00888,1577.0
13.66,0.78,0.0,0.00829,1570.0
13.67,0.77,0.0,0.00837,1568.0
13.68,0.76,-0.0,0.00918,1564.0
13.69,0.78,-0.0,0.00849,1570.0
13.7,0.77,0.0,0.00924,1569.0
13.7,0.78,-0.0,0.00841,1569.0
13.71,0.86,0.0,0.00882,1591.0
13.72,0.86,-0.0,0.00843,1590.0
13.73,0.87,0.0,0.00842,1594.0
13.74,0.89,0.0,0.00842,1598.0
13.75,0.87,-0.0,0.00843,1591.0
13.76,0.85,0.0,0.00842,1587.0
13.76,0.86,-0.0,0.00841,1589.0
13.77,0.87,0.0,0.00884,1594.0
13.78,0.84,0.0,0.00851,1586.0
13.79,0.82,0.0,0.0089,1581.0
13.8,0.81,0.0,0.00849,1578.0
13.81,0.8,-0.0,0.00848,1576.0
13.82,0.8,-0.0,0.00846,1576.0
13.83,0.82,-0.0,0.00949,1578.0
13.83,0.83,0.0,0.00833,1582.0
13.84,0.83,0.0,0.00886,1582.0
13.85,0.83,-0.0,0.00843,1582.0
13.86,0.83,0.0,0.00847,1582.0
13.87,0.81,0.0,0.00844,1578.0
13.88,0.83,0.0,0.0085,1583.0
13.88,0.83,-0.0,0.00841,1584.0
13.89,0.83,0.0,0.00945,1584.0
13.9,0.81,0.0,0.0085,1578.0
13.91,0.81,0.0,0.00834,1578.0
13.92,0.8,0.0,0.00839,1575.0
13.93,0.81,-0.0,0.0084,1578.0
13.94,0.79,-0.0,0.00847,1571.0
13.94,0.84,-0.0,0.0084,1585.0
13.95,0.86,-0.0,0.00886,1590.0
13.96,0.88,0.0,0.00842,1595.0
13.97,0.9,-0.0,0.00845,1598.0
13.98,0.84,-0.0,0.00845,1585.0
13.99,0.81,-0.0,0.00924,1577.0
14.0,0.79,-0.0,0.00858,1572.0
14.01,0.78,-0.0,0.0084,1569.0
14.01,0.72,-0.0,0.0085,1554.0
14.02,0.72,0.0,0.00846,1555.0
14.03,0.73,-0.0,0.0085,1556.0
14.04,0.75,0.0,0.00844,1562.0
14.05,0.76,0.0,0.00854,1566.0
14.06,0.76,0.0,0.00844,1565.0
14.06,0.73,0.0,0.00846,1559.0
14.07,0.83,-0.0,0.00847,1581.0
14.08,0.84,-0.0,0.00885,1586.0
14.09,0.85,0.0,0.00901,1588.0
14.1,0.8,-0.0,0.00872,1574.0
14.11,0.79,-0.0,0.0087,1573.0
14.12,0.76,0.0,0.00842,1564.0
14.13,0.78,0.0,0.00841,1569.0
14.13,0.78,-0.0,0.00849,1570.0
14.14,0.74,-0.0,0.00842,1560.0
14.15,0.75,0.0,0.00845,1563.0
14.16,0.75,0.0,0.00849,1563.0
14.17,0.76,0.0,0.00844,1564.0
14.18,0.77,0.0,0.0085,1567.0
14.18,0.76,0.0,0.00841,1566.0
14.19,0.75,0.0,0.00899,1561.0
14.2,0.75,-0.0,0.00846,1562.0
14.21,0.75,-0.0,0.00849,1562.0
14.22,0.84,-0.0,0.00845,1585.0
14.23,0.83,-0.0,0.00842,1583.0
14.24,0.8,-0.0,0.00835,1575.0
14.24,0.78,0.0,0.00842,1569.0
14.25,0.79,0.0,0.0088,1573.0
14.26,0.77,-0.0,0.00845,1568.0
14.27,0.77,0.0,0.00844,1568.0
14.28,0.85,-0.0,0.00912,1588.0
14.29,0.83,-0.0,0.00844,1583.0
14.3,0.9,-0.0,0.00932,1599.0
14.3,0.89,-0.0,0.0084,1598.0
14.31,0.87,-0.0,0.00882,1593.0
14.32,0.86,0.0,0.00846,1591.0
14.33,0.87,-0.0,0.00846,1591.0
14.34,0.86,0.0,0.00842,1590.0
14.35,0.78,0.0,0.00843,1570.0
14.36,0.76,0.0,0.00842,1566.0
14.36,0.76,0.0,0.00844,1565.0
14.37,0.78,0.0,0.00879,1569.0
14.38,0.78,-0.0,0.00847,1570.0
14.39,0.71,0.0,0.00881,1552.0
14.4,0.72,0.0,0.00845,1556.0
14.41,0.74,-0.0,0.00839,1560.0
14.42,0.75,0.0,0.00836,1562.0
14.42,0.71,0.0,0.00842,1554.0
14.43,0.75,0.0,0.00885,1562.0
14.44,0.73,-0.0,0.00844,1557.0
14.45,0.69,0.0,0.00847,1547.0
14.46,0.7,-0.0,0.00841,1550.0
14.47,0.72,-0.0,0.0084,1555.0
14.48,0.75,0.0,0.00842,1562.0
14.48,0.8,0.0,0.00855,1577.0
14.49,0.88,-0.0,0.00944,1595.0
14.5,0.87,0.0,0.00854,1594.0
14.51,0.79,-0.0,0.00849,1573.0
14.52,0.79,0.0,0.0085,1572.0
14.53,0.79,0.0,0.00842,1572.0
14.54,0.77,-0.0,0.00845,1567.0
14.54,0.76,-0.0,0.0084,1565.0
14.55,0.77,-0.0,0.00881,1568.0
14.56,0.76,0.0,0.00847,1564.0
14.57,0.75,-0.0,0.00843,1562.0
14.58,0.79,-0.0,0.00899,1572.0
14.59,0.86,-0.0,0.00865,1590.0
14.6,0.85,0.0,0.00947,1587.0
14.61,0.85,0.0,0.00841,1589.0
14.61,0.92,0.0,0.00854,1606.0
14.62,0.95,-0.0,0.00842,1611.0
14.63,0.92,0.0,0.00854,1606.0
14.64,0.83,-0.0,0.00843,1583.0
14.65,0.82,-0.0,0.00853,1580.0
14.66,0.83,0.0,0.0089,1584.0
14.66,0.84,-0.0,0.00832,1584.0
14.67,0.81,0.0,0.00849,1578.0
14.68,0.81,0.0,0.00847,1578.0
14.69,0.73,0.0,0.00885,1558.0
14.7,0.66,0.0,0.00852,1540.0
14.71,0.69,-0.0,0.00843,1548.0
14.72,0.63,-0.0,0.0085,1532.0
14.72,0.73,-0.0,0.00842,1558.0
14.73,0.74,0.0,0.00881,1559.0
14.74,0.74,-0.0,0.01139,1560.0
14.75,0.77,0.0,0.00853,1568.0
14.76,0.81,-0.0,0.00843,1577.0
14.77,0.79,0.01,0.00849,1573.0
14.78,0.84,0.0,0.00844,1585.0
14.79,0.83,0.0,0.00843,1582.0
14.8,0.76,0.0,0.00929,1565.0
14.8,0.78,-0.0,0.00834,1570.0
14.81,0.72,-0.0,0.00849,1554.0
14.82,0.69,0.0,0.00886,1549.0
14.83,0.71,0.0,0.00844,1553.0
14.84,0.72,0.0,0.00847,1554.0
14.85,0.79,-0.0,0.00844,1572.0
14.86,0.86,-0.0,0.00848,1589.0
14.86,0.79,0.0,0.00841,1574.0
14.87,0.81,-0.0,0.00838,1576.0
14.88,0.82,0.0,0.00885,1581.0
14.89,0.83,-0.0,0.00883,1582.0
14.9,0.81,-0.0,0.00841,1577.0
14.91,0.78,0.0,0.00841,1571.0
14.92,0.77,0.0,0.00842,1569.0
14.92,0.79,-0.0,0.00845,1572.0
14.93,0.79,-0.0,0.0088,1572.0
14.94,0.77,-0.0,0.00843,1567.0
14.95,0.76,0.0,0.00843,1566.0
14.96,0.76,0.0,0.00841,1565.0
14.97,0.78,-0.0,0.00848,1570.0
14.97,0.8,0.0,0.00847,1576.0
14.98,0.88,-0.0,0.00884,1594.0
14.99,0.85,0.0,0.00941,1587.0
15.0,0.85,0.0,0.00852,1588.0
15.01,0.89,0.0,0.00845,1597.0
15.02,0.88,-0.0,0.00846,1594.0
15.03,0.87,-0.0,0.00841,1591.0
15.04,0.86,-0.0,0.00848,1591.0
15.04,0.87,0.0,0.00841,1594.0
15.05,0.89,0.0,0.00886,1597.0
15.06,0.85,-0.0,0.00839,1588.0
15.07,0.86,0.0,0.00849,1591.0
15.08,0.84,-0.0,0.00838,1585.0
15.09,0.82,0.0,0.00849,1579.0
15.1,0.89,0.0,0.00932,1599.0
15.1,0.91,-0.0,0.00843,1603.0
15.11,0.87,-0.0,0.00879,1592.0
15.12,0.86,-0.0,0.00848,1589.0
15.13,0.87,-0.0,0.00848,1591.0
15.14,0.86,0.0,0.00852,1590.0
15.15,0.87,0.0,0.00845,1593.0
15.16,0.86,-0.0,0.0085,1591.0
15.16,0.85,0.0,0.00833,1587.0
15.17,0.77,0.0,0.00946,1567.0
15.18,0.77,-0.0,0.00849,1567.0
15.19,0.76,0.0,0.00884,1564.0
15.2,0.76,0.0,0.00844,1565.0
15.21,0.75,-0.0,0.00844,1561.0
15.22,0.76,0.0,0.00843,1566.0
15.22,0.79,-0.0,0.00844,1571.0
15.23,0.83,0.0,0.00881,1583.0
15.24,0.79,-0.0,0.00848,1571.0
15.25,0.8,-0.0,0.0085,1574.0
15.26,0.81,0.0,0.00845,1578.0
15.27,0.81,0.0,0.00845,1578.0
15.28,0.83,-0.0,0.00844,1582.0
15.28,0.8,0.0,0.00839,1574.0
15.29,0.8,-0.0,0.00905,1574.0
15.3,0.82,-0.0,0.00866,1580.0
15.31,0.83,0.0,0.00843,1583.0
15.32,0.86,0.0,0.00852,1590.0
15.33,0.81,-0.0,0.00842,1576.0
15.34,0.8,-0.0,0.00848,1575.0
15.34,0.73,-0.0,0.00846,1558.0
15.35,0.77,0.0,0.00882,1569.0
15.36,0.75,0.0,0.00841,1564.0
15.37,0.76,0.0,0.00843,1564.0
15.38,0.76,-0.0,0.00842,1564.0
15.39,0.75,-0.0,0.00848,1562.0
15.4,0.72,-0.0,0.00929,1554.0
15.4,0.72,-0.0,0.0084,1554.0
15.41,0.74,-0.0,0.00835,1560.0
15.42,0.69,0.0,0.00841,1548.0
15.43,0.69,-0.0,0.00842,1548.0
15.44,0.73,-0.0,0.00842,1557.0
15.45,0.7,0.0,0.0084,1550.0
15.45,0.8,0.0,0.0084,1575.0
15.46,0.73,0.0,0.00849,1558.0
15.47,0.74,0.0,0.00881,1561.0
15.48,0.71,0.0,0.00919,1553.0
15.49,0.73,0.0,0.00944,1558.0
15.5,0.73,0.0,0.00854,1557.0
15.51,0.81,-0.0,0.00852,1577.0
15.52,0.84,-0.0,0.0085,1585.0
15.52,0.86,-0.0,0.00843,1588.0
15.53,0.89,0.0,0.00881,1599.0
15.54,0.87,-0.0,0.00852,1592.0
15.55,0.87,0.0,0.00843,1592.0
15.56,0.84,0.0,0.00846,1587.0
15.57,0.86,0.0,0.00846,1591.0
15.58,0.94,-0.0,0.00844,1609.0
15.58,0.9,-0.0,0.00842,1599.0
15.59,0.87,-0.0,0.00908,1592.0
15.6,0.85,0.0,0.00847,1589.0
15.61,0.86,0.0,0.00852,1590.0
15.62,0.88,0.0,0.00848,1594.0
15.63,0.85,0.0,0.00846,1588.0
15.64,0.82,0.0,0.00848,1580.0
15.64,0.82,0.0,0.00843,1581.0
15.65,0.81,0.0,0.0088,1579.0
15.66,0.79,-0.0,0.00838,1572.0
15.67,0.81,0.0,0.00846,1576.0
15.68,0.81,0.0,0.00842,1577.0
15.69,0.83,0.0,0.00845,1583.0
15.7,0.82,-0.0,0.00945,1580.0
15.7,0.83,-0.0,0.0084,1582.0
15.71,0.8,-0.0,0.0085,1574.0
15.72,0.72,-0.0,0.00843,1555.0
15.73,0.74,-0.0,0.00846,1559.0
15.74,0.77,-0.0,0.00842,1566.0
15.75,0.78,-0.0,0.00848,1570.0
15.76,0.79,-0.0,0.0084,1573.0
15.76,0.73,-0.0,0.0085,1557.0
15.77,0.74,0.0,0.00846,1560.0
15.78,0.74,0.0,0.00849,1560.0
15.79,0.75,0.0,0.0091,1563.0
15.8,0.76,0.0,0.00867,1564.0
15.81,0.7,-0.0,0.00841,1549.0
15.82,0.72,-0.0,0.00841,1555.0
15.82,0.79,0.0,0.0085,1573.0
15.83,0.79,0.0,0.00854,1572.0
15.84,0.81,-0.0,0.00847,1576.0
15.85,0.8,0.0,0.0085,1575.0
15.86,0.89,0.0,0.00888,1596.0
15.87,0.86,0.0,0.00853,1591.0
15.87,0.78,-0.0,0.00839,1571.0
15.88,0.78,0.0,0.00852,1569.0
15.89,0.78,0.0,0.00902,1571.0
15.9,0.8,-0.0,0.00863,1575.0
15.91,0.79,-0.0,0.00835,1572.0
15.92,0.81,-0.0,0.00844,1577.0
15.93,0.81,-0.0,0.00845,1578.0
15.93,0.83,0.0,0.00846,1583.0
15.94,0.85,0.0,0.00891,1587.0
15.95,0.85,-0.0,0.00841,1586.0
15.96,0.87,0.0,0.00846,1594.0
15.97,0.85,-0.0,0.00842,1588.0
15.98,0.83,-0.0,0.00841,1583.0
15.99,0.82,0.0,0.00842,1580.0
16.0,0.74,-0.0,0.00944,1559.0
16.0,0.67,-0.0,0.00855,1542.0
16.01,0.71,-0.0,0.00838,1551.0
16.02,0.73,0.0,0.00847,1557.0
16.03,0.74,-0.0,0.00853,1558.0
16.04,0.76,0.0,0.00844,1565.0
16.05,0.84,0.0,0.00846,1585.0
16.05,0.84,0.0,0.0084,1584.0
16.06,0.8,0.0,0.00843,1575.0
16.07,0.82,0.0,0.0084,1580.0
16.08,0.8,0.0,0.00995,1576.0
16.09,0.74,-0.0,0.00891,1559.0
16.1,0.74,0.0,0.00862,1559.0
16.11,0.74,0.0,0.00842,1559.0
16.12,0.77,0.0,0.00842,1567.0
16.12,0.85,0.0,0.00843,1589.0
16.13,0.84,-0.0,0.00884,1584.0
16.14,0.83,-0.0,0.00842,1582.0
16.15,0.91,0.0,0.00843,1603.0
16.16,0.98,-0.0,0.00841,1620.0
16.17,0.97,-0.0,0.00844,1617.0
16.17,0.89,0.0,0.0084,1597.0
16.18,0.87,-0.0,0.00883,1593.0
16.19,0.85,-0.0,0.00937,1589.0
16.2,0.84,0.0,0.00854,1584.0
16.21,0.83,0.0,0.00839,1583.0
16.22,0.76,0.0,0.00853,1564.0
16.23,0.79,0.0,0.00844,1574.0
16.24,0.81,-0.0,0.00849,1576.0
16.24,0.73,0.0,0.00842,1557.0
16.25,0.67,0.0,0.00881,1543.0
16.26,0.67,-0.0,0.0084,1542.0
16.27,0.76,-0.0,0.00844,1564.0
16.28,0.77,-0.0,0.00839,1566.0
16.29,0.85,0.0,0.00849,1589.0
16.3,0.85,-0.0,0.00909,1587.0
16.3,0.93,0.0,0.00846,1607.0
16.31,0.91,0.0,0.00877,1602.0
16.32,0.88,-0.0,0.00843,1595.0
16.33,0.79,0.0,0.00844,1574.0
16.34,0.78,0.0,0.00844,1571.0
16.35,0.78,-0.0,0.0084,1569.0
16.35,0.79,-0.0,0.00842,1572.0
16.36,0.76,-0.0,0.00884,1566.0
